id	workload	role	release	locator	access	cache_relpath	transform	consumer	stage_order	supplier_identity
ancestry_correction	ancestry-projection	committed_fixture	bigsnpr_1.12.21_vignette_2026-09-27	repo:test/data/ancestry_correction_bigsnpr_1.12.21.tsv	local_repository	benchmarks/ancestry/inputs/correction.tsv	copy_committed_fixture	benchmark_ancestry.Rmd	1	bytes=137;md5=53043f9d8581f351f799f6dd2aa7c5e4;sha256=3fd556fbcdbae07d224e2fe5f9f6ff6ec7a012d980bc441f24bd555dc82af7e9
ancestry_ref_freqs	ancestry-reference	reference_frequencies	bigsnpr_1.12.21_figshare_31620968	https://figshare.com/ndownloader/files/31620968	public_browser_challenge	benchmarks/ancestry-reference/ref_freqs.csv.gz	direct_download	benchmark_ancestry.Rmd;ancestry_bigsnpr_real.R;ancestry_1000g_real.R;ancestry_30x_real.R;benchmark_ancestry_reference_load.R	1	bytes=890450581;sha256=d71ea32f378af6c58e096c215b904d514f96f16a3312aa135acd896bfe4c2cf6
ancestry_projection	ancestry-reference	pca_loadings	bigsnpr_1.12.21_figshare_31620953	https://figshare.com/ndownloader/files/31620953	public_browser_challenge	benchmarks/ancestry-reference/projection.csv.gz	direct_download	benchmark_ancestry.Rmd;ancestry_bigsnpr_real.R;ancestry_1000g_real.R;ancestry_30x_real.R;benchmark_ancestry_reference_load.R	2	bytes=887617024;sha256=d9f8103b7d21969a2fd476f328be52bfb575d9e76d363c09cbd19865a9631b8f
ancestry_reference_parquet	ancestry-reference	keyed_reference	bigsnpr_1.12.21_figshare_31620968_31620953	derived:ancestry_ref_freqs+ancestry_projection	public_derivation	benchmarks/ancestry-reference/reference.parquet	duckhts_bench_stage_ancestry_parquet	benchmark_ancestry.Rmd;benchmark_ancestry_panel.Rmd;benchmark_ancestry_panel_run.R;ancestry_bigsnpr_real.R;ancestry_1000g_real.R;benchmark_ancestry_memory.R;benchmark_ancestry_reference_load.R	4	receipt=source_sha256+output_sha256+duckdb_version+frequency_unit_unique_v2;types=DOUBLE;sort=chromosome,position,allele_a,allele_b
ancestry_reference_grch38_parquet	ancestry-reference	keyed_reference_grch38	bigsnpr_1.12.21_figshare_31620968_31620953_GRCh38_Ensembl_chain	derived:ancestry_reference_parquet+liftover_grch37_grch38_chain+liftover_grch37_fasta+liftover_grch38_fasta	public_derivation	benchmarks/ancestry-reference/reference.grch38.parquet	duckhts_bench_stage_ancestry_grch38_parquet	benchmark_ancestry_grch38.Rmd	5	receipt=source_sha256+chain_sha256+fasta_sha256+output_sha256+versions+denominators
ancestry_epilepsy	ancestry-reference	summary_statistics	bigsnpr_1.12.21_example_epigad_2018	https://www.epigad.org/gwas_ilae2018_16loci/all_epilepsy_METAL.gz	public	benchmarks/ancestry-reference/all_epilepsy_METAL.gz	direct_download	ancestry_bigsnpr_real.R	3	bytes=165163717;sha256=aa3a27177e9ff781f4dbb6459895cd51c85e60650434a25851b49fdee920dcca
ancestry_1000g_chr22	ancestry-1000g-chr22	phased_genotypes	1000G_phase3_20130502_GRCh37	https://ftp.1000genomes.ebi.ac.uk/vol1/ftp/release/20130502/ALL.chr22.phase3_shapeit2_mvncall_integrated_v5b.20130502.genotypes.vcf.gz	public	benchmarks/ancestry-reference/ALL.chr22.phase3.genotypes.vcf.gz	direct_download	ancestry_1000g_real.R;ancestry_30x_real.R;benchmark_ancestry.Rmd	1	bytes=205612353;sha256=a90c16c4ff2b3196476d506ae13cb3047fae8670163c7c932c4b0239aef3daf5;assembly=GRCh37;chrom=22
ancestry_1000g_panel	ancestry-1000g-chr22	sample_populations	1000G_phase3_20130502	https://ftp.1000genomes.ebi.ac.uk/vol1/ftp/release/20130502/integrated_call_samples_v3.20130502.ALL.panel	public	benchmarks/ancestry-reference/integrated_call_samples_v3.20130502.ALL.panel	direct_download	ancestry_1000g_real.R;ancestry_30x_real.R;benchmark_ancestry.Rmd	2	bytes=55156;sha256=b4023dc6ee2d62ee89c8d4d347db4d348e65518d66d346574cdae7a4bbd76858
ancestry_30x_na18507	ancestry-30x-cram	indexed_cram	1000G_2504_high_coverage_ERR3239343	https://1000genomes.s3.amazonaws.com/1000G_2504_high_coverage/data/ERR3239343/NA18507.final.cram	public_https_range	benchmarks/ancestry-reference/NA18507.final.cram	direct_download	ancestry_30x_real.R	1	bytes=16192434945;etag=9bba87c9cb02bc28aa2f0edf0073249d-121;assembly=GRCh38
ancestry_30x_hg00403	ancestry-30x-cram	indexed_cram	1000G_2504_high_coverage_ERR3241665	https://1000genomes.s3.amazonaws.com/1000G_2504_high_coverage/data/ERR3241665/HG00403.final.cram	public_https_range	benchmarks/ancestry-reference/HG00403.final.cram	direct_download	ancestry_30x_real.R	2	bytes=15096937041;etag=6a28b568cbb4d3cc94ff8e2b2cc82dc8-113;assembly=GRCh38
ancestry_grch38_acceptance_genotypes	ancestry-grch38-acceptance	phase3_genotypes_and_panel_site_crams	1000G_phase3_20130502_GRCh37_and_1000G_2504_high_coverage_GRCh38	derived:ancestry_reference_grch38_parquet+ancestry_1000g_chr22+ancestry_30x_hg00403+ancestry_30x_na18507+riker_hg00188_cram	public_https_range_derived	benchmarks/ancestry-reference/grch38-acceptance/genotypes.parquet	duckhts_bench_stage_ancestry_grch38_acceptance	benchmark_ancestry_grch38.Rmd	1	sites=1000;spacing_bp=5000;samples=HG00188,HG00403,NA18507;receipt=panel_sha256+product_sha256+remote_identity+output_sha256
geno_hprc_vcfgz	genotype-reader	regional_cohort_vcf	HPRC_v2.0_MC_GRCh38_20250228	artifact:geno_hprc_source;artifact:geno_hprc_source_tbi	public_https_range_derived	benchmarks/genotypes/hprc_chr22_20m_21m.vcf.gz	bcftools_region_all_samples	benchmark_genotypes.Rmd	1	region=chr22:20000000-21000000;all_samples=true;genotypes_removed=false
geno_hprc_bcf	genotype-reader	regional_cohort_bcf	HPRC_v2.0_MC_GRCh38_20250228	artifact:geno_hprc_vcfgz	local_derived	benchmarks/genotypes/hprc_chr22_20m_21m.bcf	bcftools_vcf_to_bcf_all_fields	benchmark_genotypes.Rmd	2	all_samples=true;genotypes_removed=false
geno_giab_phased_source	genotype-phase-set	phased_benchmark_vcf	GIAB_NISTv4.2.1_HG002_GRCh38	https://ftp-trace.ncbi.nlm.nih.gov/ReferenceSamples/giab/release/AshkenazimTrio/HG002_NA24385_son/NISTv4.2.1/GRCh38/SupplementaryFiles/HG002_GRCh38_1_22_v4.2.1_benchmark_phased_MHCassembly_StrandSeqANDTrio.vcf.gz	public	benchmarks/genotypes/source/HG002_GRCh38_1_22_v4.2.1_benchmark_phased_MHCassembly_StrandSeqANDTrio.vcf.gz	direct_download	benchmark_genotypes.Rmd;benchmark_somalier_site_extraction.Rmd	1	sha256=1d800ea2d8041d5d7a8711a2bdf877e5e398f715dbc16af978cbd32a26a152ce;bytes=162490215
geno_giab_phased_source_tbi	genotype-phase-set	phased_benchmark_vcf_index	GIAB_NISTv4.2.1_HG002_GRCh38	https://ftp-trace.ncbi.nlm.nih.gov/ReferenceSamples/giab/release/AshkenazimTrio/HG002_NA24385_son/NISTv4.2.1/GRCh38/SupplementaryFiles/HG002_GRCh38_1_22_v4.2.1_benchmark_phased_MHCassembly_StrandSeqANDTrio.vcf.gz.tbi	public	benchmarks/genotypes/source/HG002_GRCh38_1_22_v4.2.1_benchmark_phased_MHCassembly_StrandSeqANDTrio.vcf.gz.tbi	direct_download	benchmark_genotypes.Rmd;benchmark_somalier_site_extraction.Rmd	2	sha256=eea8fc14759cf85a67eefba7b2968eec1b3af863d3bc4d2255fbab21b7f61262;bytes=1661777
geno_giab_phased_chr1_vcfgz	genotype-phase-set	phased_chr1_vcf	GIAB_NISTv4.2.1_HG002_GRCh38	artifact:geno_giab_phased_source;artifact:geno_giab_phased_source_tbi	local_derived	benchmarks/genotypes/giab_hg002_v421_phased_chr1.vcf.gz	bcftools_region_all_samples	benchmark_genotypes.Rmd;benchmark_somalier_site_extraction.Rmd	3	region=chr1;all_samples=true;genotypes_removed=false;ps_type=Integer;records=319349;samples=1;calls=319349;allele_slots=638698;nonnull_ps=142838
geno_giab_phased_chr1_bcf	genotype-phase-set	phased_chr1_bcf	GIAB_NISTv4.2.1_HG002_GRCh38	artifact:geno_giab_phased_chr1_vcfgz	local_derived	benchmarks/genotypes/giab_hg002_v421_phased_chr1.bcf	bcftools_vcf_to_bcf_all_fields	benchmark_genotypes.Rmd;benchmark_somalier_site_extraction.Rmd	4	region=chr1;all_samples=true;genotypes_removed=false;ps_type=Integer;records=319349;samples=1;calls=319349;allele_slots=638698;nonnull_ps=142838
bcf_scan_old_vcf	bcf-scan-init	committed_fixture	DuckHTS_d36b2a591cab42e9a000f9e71cfef058392c959d	repo:test/data/parallel_empty_contigs.vcf	local_repository	benchmarks/bcf-scan-init/parallel_empty_contigs.vcf	copy_committed_fixture	benchmark_bcf_scan_init.Rmd	1	bytes=6129;md5=830fb8987c219634244eaa68941fec1d
bcf_scan_old_bcf	bcf-scan-init	committed_fixture	DuckHTS_d36b2a591cab42e9a000f9e71cfef058392c959d	repo:test/data/parallel_empty_contigs.bcf	local_repository	benchmarks/bcf-scan-init/parallel_empty_contigs.bcf	copy_committed_fixture	benchmark_bcf_scan_init.Rmd	2	bytes=1351;md5=e7576013a2a4cfc843130eff617ea527
bcf_scan_old_csi	bcf-scan-init	committed_fixture	DuckHTS_d36b2a591cab42e9a000f9e71cfef058392c959d	repo:test/data/parallel_empty_contigs.bcf.csi	local_repository	benchmarks/bcf-scan-init/parallel_empty_contigs.bcf.csi	copy_committed_fixture	benchmark_bcf_scan_init.Rmd	3	bytes=117;md5=1cb71253d787009c2867430c349f2769
bcf_scan_old_vcfgz	bcf-scan-init	committed_fixture	DuckHTS_d36b2a591cab42e9a000f9e71cfef058392c959d	repo:test/data/parallel_empty_contigs.vcf.gz	local_repository	benchmarks/bcf-scan-init/parallel_empty_contigs.vcf.gz	copy_committed_fixture	benchmark_bcf_scan_init.Rmd	4	bytes=372;md5=8583a37cb25fe73d7dc8925652804942
bcf_scan_old_tbi	bcf-scan-init	committed_fixture	DuckHTS_d36b2a591cab42e9a000f9e71cfef058392c959d	repo:test/data/parallel_empty_contigs.vcf.gz.tbi	local_repository	benchmarks/bcf-scan-init/parallel_empty_contigs.vcf.gz.tbi	copy_committed_fixture	benchmark_bcf_scan_init.Rmd	5	bytes=106;md5=9f978fe03cf1a2d047683b8c2e578eae
bcf_scan_oracle	bcf-scan-init	committed_fixture	DuckHTS_d36b2a591cab42e9a000f9e71cfef058392c959d	repo:test/data/bcf_scan_contigs.bcf	local_repository	benchmarks/bcf-scan-init/bcf_scan_contigs.bcf	copy_committed_fixture	benchmark_bcf_scan_init.Rmd	6	bytes=470;md5=8e006ec9582009fc56a1616e5dc67010
bcf_scan_full	bcf-scan-init	committed_fixture	DuckHTS_d36b2a591cab42e9a000f9e71cfef058392c959d	repo:test/data/bcf_scan_contigs.full.vcf.gz	local_repository	benchmarks/bcf-scan-init/bcf_scan_contigs.full.vcf.gz	copy_committed_fixture	benchmark_bcf_scan_init.Rmd	7	bytes=424;md5=abd4cc644200e4812df5ccbf185e3a4f
bcf_scan_full_tbi	bcf-scan-init	committed_fixture	DuckHTS_d36b2a591cab42e9a000f9e71cfef058392c959d	repo:test/data/bcf_scan_contigs.full.vcf.gz.index.tbi	local_repository	benchmarks/bcf-scan-init/bcf_scan_contigs.full.vcf.gz.index.tbi	copy_committed_fixture	benchmark_bcf_scan_init.Rmd	8	bytes=126;md5=fbb48c2c7cd524e891c35b7bc11f6401
bcf_scan_partial	bcf-scan-init	committed_fixture	DuckHTS_d36b2a591cab42e9a000f9e71cfef058392c959d	repo:test/data/bcf_scan_contigs.partial.vcf.gz	local_repository	benchmarks/bcf-scan-init/bcf_scan_contigs.partial.vcf.gz	copy_committed_fixture	benchmark_bcf_scan_init.Rmd	9	bytes=421;md5=4dcaa2047c179520b1259d7671c8a0e9
bcf_scan_partial_tbi	bcf-scan-init	committed_fixture	DuckHTS_d36b2a591cab42e9a000f9e71cfef058392c959d	repo:test/data/bcf_scan_contigs.partial.vcf.gz.index.tbi	local_repository	benchmarks/bcf-scan-init/bcf_scan_contigs.partial.vcf.gz.index.tbi	copy_committed_fixture	benchmark_bcf_scan_init.Rmd	10	bytes=126;md5=953769f59bf8df49d7ea3ee4de9c4bb7
bcf_scan_none	bcf-scan-init	committed_fixture	DuckHTS_d36b2a591cab42e9a000f9e71cfef058392c959d	repo:test/data/bcf_scan_contigs.none.vcf.gz	local_repository	benchmarks/bcf-scan-init/bcf_scan_contigs.none.vcf.gz	copy_committed_fixture	benchmark_bcf_scan_init.Rmd	11	bytes=404;md5=01c9b6bbc25b859aebf67f74d9e265c3
bcf_scan_none_tbi	bcf-scan-init	committed_fixture	DuckHTS_d36b2a591cab42e9a000f9e71cfef058392c959d	repo:test/data/bcf_scan_contigs.none.vcf.gz.index.tbi	local_repository	benchmarks/bcf-scan-init/bcf_scan_contigs.none.vcf.gz.index.tbi	copy_committed_fixture	benchmark_bcf_scan_init.Rmd	12	bytes=126;md5=698f40d722cfee51932a386cb0b2f937
multi_region_vcf	multi-region-readers	synthetic_vcf	DuckHTS_synthetic_SNV_v1	generator:duckhts_bench_stage_multi_region	local_generated	benchmarks/multi-region-readers/variants.vcf	consecutive_snv_vcf	benchmark_multi_region_readers.Rmd	10	records=2000000;contigs=1;ref=A;alt=C
multi_region_vcf_gz	multi-region-readers	derived_vcf	DuckHTS_synthetic_SNV_v1	artifact:multi_region_vcf	local_generated	benchmarks/multi-region-readers/variants.vcf.gz	bgzip	benchmark_multi_region_readers.Rmd;benchmark_init_readers.Rmd	20
multi_region_tbi	multi-region-readers	derived_index	DuckHTS_synthetic_SNV_v1	artifact:multi_region_vcf_gz	local_generated	benchmarks/multi-region-readers/variants.vcf.gz.tbi	tabix_vcf_index	benchmark_multi_region_readers.Rmd	30
multi_region_bcf	multi-region-readers	derived_bcf	DuckHTS_synthetic_SNV_v1	artifact:multi_region_vcf_gz	local_generated	benchmarks/multi-region-readers/variants.bcf	bcftools_view_bcf	benchmark_multi_region_readers.Rmd;benchmark_init_readers.Rmd	40
multi_region_csi	multi-region-readers	derived_index	DuckHTS_synthetic_SNV_v1	artifact:multi_region_bcf	local_generated	benchmarks/multi-region-readers/variants.bcf.csi	bcftools_index	benchmark_multi_region_readers.Rmd	50
giab_hg001_grch37_v421	giab-v4.2.1	benchmark_vcf	GIAB_NISTv4.2.1_HG001_GRCh37	https://ftp-trace.ncbi.nlm.nih.gov/ReferenceSamples/giab/release/NA12878_HG001/NISTv4.2.1/GRCh37/HG001_GRCh37_1_22_v4.2.1_benchmark.vcf.gz	public	datasets/giab/nist-v4.2.1/grch37/HG001_GRCh37_1_22_v4.2.1_benchmark.vcf.gz	direct_download	benchmark_variantkey_conformance.Rmd;liftover_conformance	10
giab_hg002_grch37_v421	giab-v4.2.1	benchmark_vcf	GIAB_NISTv4.2.1_HG002_GRCh37	https://ftp-trace.ncbi.nlm.nih.gov/ReferenceSamples/giab/release/AshkenazimTrio/HG002_NA24385_son/NISTv4.2.1/GRCh37/HG002_GRCh37_1_22_v4.2.1_benchmark.vcf.gz	public	datasets/giab/nist-v4.2.1/grch37/HG002_GRCh37_1_22_v4.2.1_benchmark.vcf.gz	direct_download	benchmark_variantkey_conformance.Rmd;liftover_conformance	20
giab_hg006_grch37_v421	giab-v4.2.1	benchmark_vcf	GIAB_NISTv4.2.1_HG006_GRCh37	https://ftp-trace.ncbi.nlm.nih.gov/ReferenceSamples/giab/release/ChineseTrio/HG006_NA24694_father/NISTv4.2.1/GRCh37/HG006_GRCh37_1_22_v4.2.1_benchmark.vcf.gz	public	datasets/giab/nist-v4.2.1/grch37/HG006_GRCh37_1_22_v4.2.1_benchmark.vcf.gz	direct_download	benchmark_variantkey_conformance.Rmd;liftover_conformance	30
riker_hg00188_reference	riker-wgs	reference	1000G_2504_high_coverage	https://1000genomes.s3.amazonaws.com/technical/reference/GRCh38_reference_genome/GRCh38_full_analysis_set_plus_decoy_hla.fa	public	benchmarks/riker-wgs/reference/GRCh38_full_analysis_set_plus_decoy_hla.fa	direct_download	benchmark_riker_wgs.Rmd;benchmark_cigar_aligned_blocks.Rmd	10	etag=bf746464afc4d1a6e9d5f8dc5f4773a3-4;bytes=3263683042
riker_hg00188_cram	riker-wgs	input_cram	1000G_2504_high_coverage_ERR3240174	https://1000genomes.s3.amazonaws.com/1000G_2504_high_coverage/data/ERR3240174/HG00188.final.cram	public	benchmarks/riker-wgs/downloads/HG00188.final.cram	direct_download	benchmark_riker_wgs.Rmd;Benchmarks_mosdepth.Rmd;benchmark_cigar_aligned_blocks.Rmd;ancestry_30x_real.R	20	bytes=14348265497
riker_hg00188_bam	riker-wgs	derived_bam	1000G_2504_high_coverage_ERR3240174	artifact:riker_hg00188_reference;artifact:riker_hg00188_cram	local_derived	benchmarks/riker-wgs/stage/HG00188_30x/input.bam	samtools_view_reference_cram;samtools_index	benchmark_riker_wgs.Rmd;Benchmarks_mosdepth.Rmd;benchmark_cigar_aligned_blocks.Rmd	30
geno_hprc_source	genotype-source	raw_vcf_source_receipt	HPRC_v2.0_MC_GRCh38_20250228	https://human-pangenomics.s3.us-west-2.amazonaws.com/pangenomes/scratch/2025_02_28_minigraph_cactus/hprc-v2.0-mc-grch38/hprc-v2.0-mc-grch38.vcf.gz?versionId=LnGRAq5AlCslA2a31J72oUZMxvR_5yuI	public_https_range	benchmarks/genotypes/source-receipts/hprc_v2_grch38.vcf.source.tsv	verify_remote_indexed_vcf_source_to_receipt	benchmark_genotypes.Rmd	10	version_id=LnGRAq5AlCslA2a31J72oUZMxvR_5yuI;bytes=7476570639
geno_hprc_source_tbi	genotype-source	raw_vcf_index	HPRC_v2.0_MC_GRCh38_20250228	https://human-pangenomics.s3.us-west-2.amazonaws.com/pangenomes/scratch/2025_02_28_minigraph_cactus/hprc-v2.0-mc-grch38/hprc-v2.0-mc-grch38.vcf.gz.tbi?versionId=FuarSRln2LCGzuG.waMWXsSLQ9UoI5nQ	public	benchmarks/genotypes/source-indexes/hprc-v2.0-mc-grch38.vcf.gz.tbi	direct_download	benchmark_genotypes.Rmd	20	sha256=ff221a9ce122d769fb4f5b0131d2fa3c6b2a1c5857f49d251c1bf536908e3657;bytes=2211584;version_id=FuarSRln2LCGzuG.waMWXsSLQ9UoI5nQ
variantkey_giab_hg002_v421	giab-benchmark-vcf	giab_vcf	GIAB_NISTv4.2.1_HG002_GRCh38	https://ftp-trace.ncbi.nlm.nih.gov/ReferenceSamples/giab/release/AshkenazimTrio/HG002_NA24385_son/NISTv4.2.1/GRCh38/HG002_GRCh38_1_22_v4.2.1_benchmark.vcf.gz	public	benchmarks/variantkey-providers/raw/HG002_GRCh38_1_22_v4.2.1_benchmark.vcf.gz	direct_download	benchmark_bcf_record_cache.Rmd;benchmark_genotype_format.Rmd	20	bytes=156252944
liftover_grch37_fasta_gz	liftover-reference-bundle	source_fasta_gz	1000_Genomes_phase2_reference	https://ftp.1000genomes.ebi.ac.uk/vol1/ftp/technical/reference/human_g1k_v37.fasta.gz	public	references/liftover/grch37-to-grch38/downloads/human_g1k_v37.fasta.gz	direct_download	liftover_conformance;benchmark_liftover.Rmd	10	etag=352fe3fb-4a7e0737e1bc0;bytes=892331003
liftover_grch37_fasta	liftover-reference-bundle	source_fasta	1000_Genomes_phase2_reference	artifact:liftover_grch37_fasta_gz	local_derived	references/liftover/grch37-to-grch38/human_g1k_v37.fasta	decompress_legacy_razf_gzip	liftover_conformance;benchmark_liftover.Rmd	15	bytes=3153506519
liftover_grch38_fasta	liftover-reference-bundle	destination_fasta	Broad_hg38_v0	https://storage.googleapis.com/gcp-public-data--broad-references/hg38/v0/Homo_sapiens_assembly38.fasta	public	references/liftover/grch37-to-grch38/GCA_000001405.15_GRCh38_no_alt_analysis_set.fna	direct_download	liftover_conformance;benchmark_liftover.Rmd;benchmark_reference_cache.Rmd	20	md5=7ff134953dcca8c8997453bbb80b6b5e;bytes=3249912778
liftover_grch37_grch38_chain	liftover-reference-bundle	chain	Ensembl_assembly_mapping	https://ftp.ensembl.org/pub/assembly_mapping/homo_sapiens/GRCh37_to_GRCh38.chain.gz	public	references/liftover/grch37-to-grch38/GRCh37_to_GRCh38.chain.gz	direct_download	liftover_conformance;benchmark_liftover.Rmd	30	md5=2a862e70fa1afc08f1f3e7a8cc5cda14
gffbase_010_linux_x86_64_wheel	gffbase-conformance	python_wheel	PyPI_gffbase_0.1.0	https://files.pythonhosted.org/packages/55/a1/6a6dd2562054cc85cb169c44d459c65dd640253c7af93f6c011b6fe354ee/gffbase-0.1.0-cp39-abi3-manylinux_2_17_x86_64.manylinux2014_x86_64.whl	public	benchmarks/gffbase/wheels/gffbase-0.1.0-cp39-abi3-manylinux_2_17_x86_64.manylinux2014_x86_64.whl	direct_download	benchmark_gffbase_conformance.Rmd	5	sha256=2ccdcc091daff87ea66547f10c1873033c0f299262a2b3161dff58f7551748f2;bytes=359861
gffbase_010	gffbase-conformance	python_package	PyPI_gffbase_0.1.0	artifact:gffbase_010_linux_x86_64_wheel	local_derived	benchmarks/gffbase/python-site	pip_install_verified_gffbase_0.1.0_wheel	benchmark_gffbase_conformance.Rmd	10
gffbase_021_linux_x86_64_wheel	gffbase-featuredb	python_wheel	PyPI_gffbase_0.2.1	https://files.pythonhosted.org/packages/56/50/d8e3f5eaafa007b0ad69ecc6276cd1995cfec2085d1802e0b0f2309c9c19/gffbase-0.2.1-cp310-abi3-manylinux_2_17_x86_64.manylinux2014_x86_64.whl	public	benchmarks/gffbase/wheels/gffbase-0.2.1-cp310-abi3-manylinux_2_17_x86_64.manylinux2014_x86_64.whl	direct_download	benchmark_gffbase_conformance.Rmd	5	sha256=b738c2d4862b32d7115537f4066674bf6d425fae0fa4f3a2edcbd9ad9f9f2ac5;bytes=562870
gffbase_021	gffbase-featuredb	python_package	PyPI_gffbase_0.2.1	artifact:gffbase_021_linux_x86_64_wheel	local_derived	benchmarks/gffbase/python-site-0.2.1	pip_install_verified_gffbase_0.2.1_wheel	benchmark_gffbase_conformance.Rmd	10
mane_v15_ensembl_gff3	gffbase-featuredb	gff3	MANE_v1.5_Ensembl_GRCh38	https://ftp.ncbi.nlm.nih.gov/refseq/MANE/MANE_human/release_1.5/MANE.GRCh38.v1.5.ensembl_genomic.gff.gz	public	benchmarks/gffbase/inputs/MANE.GRCh38.v1.5.ensembl_genomic.gff.gz	direct_download	benchmark_gffbase_conformance.Rmd	15	sha256=69089bbc84d1d3c3ce31c2ed3f85b6c3169fb8836d092a082623c59a43fd22ef;bytes=10349746
gencode_v49_basic_gff3	gffbase-featuredb	gff3	GENCODE_v49_basic_GRCh38	https://ftp.ebi.ac.uk/pub/databases/gencode/Gencode_human/release_49/gencode.v49.basic.annotation.gff3.gz	public	benchmarks/gffbase/inputs/gencode.v49.basic.annotation.gff3.gz	direct_download	benchmark_gffbase_conformance.Rmd	20	sha256=639c16217b6341abe802041118178cd65b176c2cfd1b0c07415deb6b269c6138;bytes=85987198
norm_hg00096_raw_gvcf	norm-1000g-dragen	raw_gvcf	1000genomes_dragent_v3.7.6_HG00096	https://s3.amazonaws.com/1000genomes-dragen-v3.7.6/data/individuals/hg38-graph-based/HG00096/HG00096.hard-filtered.gvcf.gz	public	benchmarks/norm/1000g-dragen/HG00096/HG00096.hard-filtered.gvcf.gz	direct_download	benchmark_norm.Rmd	5	etag=baa82e51d90357376dab7c0603e571e6-411;bytes=3445636404
norm_hg00096_chr22_20m_30m	norm-1000g-dragen	gvcf_slice	1000genomes_dragent_v3.7.6_HG00096	artifact:norm_hg00096_raw_gvcf	local_derived	benchmarks/norm/1000g-dragen/HG00096/HG00096.hard-filtered.chr22_20000000_30000000.g.vcf.gz	bcftools_view_region_sample;tabix_index	benchmark_norm.Rmd	10
duckbedqc_118fc21	cgranges-real-benchmark	bed_providers	DuckBedQC_118fc21c6cde9d680989dd4d1b613789539469f3	https://github.com/sounkou-bioinfo/DuckBedQC.git	public	datasets/duckbedqc	git_clone_checkout_118fc21c6cde9d680989dd4d1b613789539469f3	benchmark_cgranges.Rmd	10	git_commit=118fc21c6cde9d680989dd4d1b613789539469f3
giab_hg003_grch37_v421	giab-v4.2.1	benchmark_vcf	GIAB_NISTv4.2.1_HG003_GRCh37	https://ftp-trace.ncbi.nlm.nih.gov/ReferenceSamples/giab/release/AshkenazimTrio/HG003_NA24149_father/NISTv4.2.1/GRCh37/HG003_GRCh37_1_22_v4.2.1_benchmark.vcf.gz	public	datasets/giab/nist-v4.2.1/grch37/HG003_GRCh37_1_22_v4.2.1_benchmark.vcf.gz	direct_download	liftover_conformance	25
giab_hg004_grch37_v421	giab-v4.2.1	benchmark_vcf	GIAB_NISTv4.2.1_HG004_GRCh37	https://ftp-trace.ncbi.nlm.nih.gov/ReferenceSamples/giab/release/AshkenazimTrio/HG004_NA24143_mother/NISTv4.2.1/GRCh37/HG004_GRCh37_1_22_v4.2.1_benchmark.vcf.gz	public	datasets/giab/nist-v4.2.1/grch37/HG004_GRCh37_1_22_v4.2.1_benchmark.vcf.gz	direct_download	liftover_conformance	27
giab_hg005_grch37_v421	giab-v4.2.1	benchmark_vcf	GIAB_NISTv4.2.1_HG005_GRCh37	https://ftp-trace.ncbi.nlm.nih.gov/ReferenceSamples/giab/release/ChineseTrio/HG005_NA24631_son/NISTv4.2.1/GRCh37/HG005_GRCh37_1_22_v4.2.1_benchmark.vcf.gz	public	datasets/giab/nist-v4.2.1/grch37/HG005_GRCh37_1_22_v4.2.1_benchmark.vcf.gz	direct_download	liftover_conformance	28
giab_hg007_grch37_v421	giab-v4.2.1	benchmark_vcf	GIAB_NISTv4.2.1_HG007_GRCh37	https://ftp-trace.ncbi.nlm.nih.gov/ReferenceSamples/giab/release/ChineseTrio/HG007_NA24695_mother/NISTv4.2.1/GRCh37/HG007_GRCh37_1_22_v4.2.1_benchmark.vcf.gz	public	datasets/giab/nist-v4.2.1/grch37/HG007_GRCh37_1_22_v4.2.1_benchmark.vcf.gz	direct_download	liftover_conformance	35
somalier_v034_source_archive	somalier-upstream	pinned_source_archive	Somalier_v0.3.4_ff58fdade8f4f8293d904f10e0a4a13f1fac808d	https://github.com/brentp/somalier/archive/ff58fdade8f4f8293d904f10e0a4a13f1fac808d.tar.gz	public	upstream/somalier/v0.3.4/somalier-ff58fdade8f4f8293d904f10e0a4a13f1fac808d.tar.gz	direct_download	test/scripts/somalier_v034_regenerate.R	1	sha256=acd2dc11be6051c80d15628703a9419965cea3fe7a0563b47e14743e7ac6339e;bytes=1208978;commit=ff58fdade8f4f8293d904f10e0a4a13f1fac808d;license=MIT
somalier_v034_linux_x86_64	somalier-upstream	pinned_linux_executable	Somalier_v0.3.4_ff58fdade8f4f8293d904f10e0a4a13f1fac808d	https://github.com/brentp/somalier/releases/download/v0.3.4/somalier	public	upstream/somalier/v0.3.4/linux-x86_64/somalier	direct_download	test/scripts/somalier_extraction_differential.R	2	sha256=18717c205a9c4b65d479f1d2cf069a30b047a5378edf544d403d4081f06a3a78;bytes=37480016;commit=ff58fdade8f4f8293d904f10e0a4a13f1fac808d;platform=linux-x86_64;license=MIT
somalier_find_sites_1000g	somalier-find-sites	population_vcf	1000G_RBCFTools_9adeaf4cfcc3bff40efca6237749fefb53391678	repo:test/data/somalier/1000G_3samples.vcf.gz	local_repository	benchmarks/somalier/find-sites/1000G_3samples.vcf.gz	copy_committed_fixture	benchmark_somalier_find_sites.Rmd;test-somalier-find-sites-stage.R;somalier_find_sites_differential.R	1	sha256=d5b129eb4f7e431e0e8d9b73229fe3e304ed14863d2cb26c055f631eabb34110;bytes=1586;records=11;source=https://github.com/RGenomicsETL/RBCFTools/blob/9adeaf4cfcc3bff40efca6237749fefb53391678/inst/extdata/1000G_3samples.vcf.gz
somalier_find_sites_gnomad	somalier-find-sites	population_vcf	gnomAD_pysam_79293854c45889bedef09491ee7d20de3dbc76a6	repo:test/data/somalier/gnomad_pysam.vcf	local_repository	benchmarks/somalier/find-sites/gnomad_pysam.vcf	copy_committed_fixture	test-somalier-find-sites-stage.R;somalier_find_sites_differential.R	2	sha256=afb6133e19dca997769ab5c163389a42a28c241243898e513b3c823b2371a73a;bytes=32182;records=9;source=https://github.com/pysam-developers/pysam/blob/79293854c45889bedef09491ee7d20de3dbc76a6/tests/cbcf_data/gnomad.vcf
somalier_find_sites_chr22_source	somalier-find-sites-chr22	population_vcf	1000G_2504_high_coverage_30x_20201028_3202_phased	https://ftp.1000genomes.ebi.ac.uk/vol1/ftp/data_collections/1000G_2504_high_coverage/working/20201028_3202_phased/CCDG_14151_B01_GRM_WGS_2020-08-05_chr22.filtered.shapeit2-duohmm-phased.vcf.gz	public	benchmarks/somalier/find-sites/chr22.phased.vcf.gz	direct_download	somalier_find_sites_chromosome.R;benchmark_somalier_find_sites_chr22.Rmd	1	sha256=70ff24cfd01eab24c6f4c6e825f55a2b3475ff595f6e12e179c4ef06b9cc4df6;bytes=519930289;etag=1efd81b1-5b2d279fc2fc0;assembly=GRCh38;chrom=chr22;INFO=AF,AN
somalier_find_sites_chrx_source	somalier-find-sites-chrx	population_vcf	1000G_2504_high_coverage_30x_20201028_3202_phased	https://ftp.1000genomes.ebi.ac.uk/vol1/ftp/data_collections/1000G_2504_high_coverage/working/20201028_3202_phased/CCDG_14151_B01_GRM_WGS_2020-08-05_chrX.filtered.eagle2-phased.v2.vcf.gz	public	benchmarks/somalier/find-sites/chrX.phased.vcf.gz	direct_download	somalier_find_sites_chromosome.R;benchmark_somalier_find_sites_chr22.Rmd	1	sha256=f42c786cba67ff74c30e9bd37254b5a605a5957cfe3a5dc54e7dd41d9c9d8edc;bytes=2800398832;etag=a6eab1f0-5c6eeccf9eac0;assembly=GRCh38;chrom=chrX;INFO=AF,AN
somalier_synthetic_panel	somalier-synthetic	panel	Synthetic_Somalier_Shaped_v2	algorithm:somalier-synthetic-v2	local_derived	benchmarks/somalier/synthetic-v2/panel.parquet	generate_synthetic_panel_v2	benchmark_somalier.Rmd	10	sites=17000;assembly=GRCh38;canonical_alleles=true;biological_source=synthetic
somalier_synthetic_frequency	somalier-synthetic	population_b_frequency	Synthetic_Somalier_Shaped_v2	artifact:somalier_synthetic_panel	local_derived	benchmarks/somalier/synthetic-v2/frequency.parquet	generate_synthetic_frequency_v2	benchmark_somalier.Rmd	20	sites=17000;frequency=population_b_af
somalier_synthetic_evidence	somalier-synthetic	count_evidence	Synthetic_Somalier_Shaped_v2	artifact:somalier_synthetic_panel	local_derived	benchmarks/somalier/synthetic-v2/samples-250/evidence.parquet	generate_synthetic_evidence_v2	benchmark_somalier.Rmd	30	sites=17000;default_samples=250;default_rows=4250000;other_channel=zero
somalier_synthetic_pairs	somalier-synthetic	selected_directional_pairs	Synthetic_Somalier_Shaped_v2	artifact:somalier_synthetic_evidence	local_derived	benchmarks/somalier/synthetic-v2/samples-250/selected-3/pairs-2/pairs.parquet	generate_synthetic_pairs_v2	benchmark_somalier.Rmd	40	default_samples=250;default_selected_samples=3;default_pairs=2;direction=receiver_to_anchor
somalier_site_panel	somalier-site-extraction	panel	Synthetic_Somalier_Site_Extraction_v1	algorithm:somalier-site-extraction-v1	local_generated	benchmarks/somalier/site-extraction-v1/panel.parquet	generate_somalier_site_panel_v1	benchmark_somalier_site_extraction.Rmd	10	sites=17000;contigs=22;assembly=Synthetic_GRCh38_shaped_v1;biological_source=synthetic
somalier_site_reference	somalier-site-extraction	reference	Synthetic_Somalier_Site_Extraction_v1	algorithm:somalier-site-extraction-v1	local_generated	benchmarks/somalier/site-extraction-v1/reference.fa	generate_somalier_site_reference_v1	benchmark_somalier_site_extraction.Rmd	20	contigs=22;panel_reference_allele=allele_a
somalier_site_reference_fai	somalier-site-extraction	reference_index	Synthetic_Somalier_Site_Extraction_v1	artifact:somalier_site_reference	local_derived	benchmarks/somalier/site-extraction-v1/reference.fa.fai	samtools_faidx	benchmark_somalier_site_extraction.Rmd	30	contigs=22
somalier_site_bam	somalier-site-extraction	input_bam	Synthetic_Somalier_Site_Extraction_v1	artifact:somalier_site_panel;artifact:somalier_site_reference	local_generated	benchmarks/somalier/site-extraction-v1/sample.bam	generate_somalier_site_bam_v1	benchmark_somalier_site_extraction.Rmd	40	source_reads=17000;read_length=101;one_read_per_site=true;sort=coordinate
somalier_site_bam_bai	somalier-site-extraction	input_bam_index	Synthetic_Somalier_Site_Extraction_v1	artifact:somalier_site_bam	local_derived	benchmarks/somalier/site-extraction-v1/sample.bam.bai	samtools_bam_index	benchmark_somalier_site_extraction.Rmd	50	source_reads=17000
somalier_site_cram	somalier-site-extraction	input_cram	Synthetic_Somalier_Site_Extraction_v1	artifact:somalier_site_bam;artifact:somalier_site_reference	local_derived	benchmarks/somalier/site-extraction-v1/sample.cram	samtools_bam_to_cram	benchmark_somalier_site_extraction.Rmd	60	source_reads=17000;read_length=101;same_records_as=somalier_site_bam
somalier_site_cram_crai	somalier-site-extraction	input_cram_index	Synthetic_Somalier_Site_Extraction_v1	artifact:somalier_site_cram	local_derived	benchmarks/somalier/site-extraction-v1/sample.cram.crai	samtools_cram_index	benchmark_somalier_site_extraction.Rmd	70	source_reads=17000
genbank_ecoli_k12_gbff_gz	genbank-reader	genbank_source	NCBI_RefSeq_GCF_000005845.2_ASM584v2	https://ftp.ncbi.nlm.nih.gov/genomes/all/GCF/000/005/845/GCF_000005845.2_ASM584v2/GCF_000005845.2_ASM584v2_genomic.gbff.gz	public	benchmarks/genbank/GCF_000005845.2_ASM584v2_genomic.gbff.gz	direct_download	benchmark_genbank_reader.Rmd;benchmark_genbank_memory.Rmd	1	md5=3a48563f7ebe3e89912f9280cfb7e1ec;sha256=cbcc40a9859312cbcdbeb3df484ee471dfe354c5cd8f28056b48431353b28384;bytes=3401424
genbank_ecoli_k12_gbff	genbank-reader	genbank_input	NCBI_RefSeq_GCF_000005845.2_ASM584v2	artifact:genbank_ecoli_k12_gbff_gz	public	benchmarks/genbank/GCF_000005845.2_ASM584v2_genomic.gbff	gunzip	benchmark_genbank_reader.Rmd;benchmark_genbank_memory.Rmd;benchmark_genbank_named_attributes.Rmd	2	sha256=8a50dc9bc68b8d1b2222f022c086c6a177004692b7a0318a4e2225aacd190673;bytes=11450954;records=1;bp=4641652
genbank_plasmid_part1_gbff_gz	genbank-plasmid	genbank_source	NCBI_RefSeq_release_237_plasmid	https://ftp.ncbi.nlm.nih.gov/refseq/release/plasmid/plasmid.1.genomic.gbff.gz	public_current_release	benchmarks/genbank-plasmid/plasmid.1.genomic.gbff.gz	direct_download	benchmark_genbank_named_attributes.Rmd	1	md5=ad42374ab0eef16ff8c87c346800826d;sha256=4e836144b864cba016499b4a306b4ffb08f89abd9ee5820f88b376d0d5216aed;bytes=330140077
genbank_plasmid_part2_gbff_gz	genbank-plasmid	genbank_source	NCBI_RefSeq_release_237_plasmid	https://ftp.ncbi.nlm.nih.gov/refseq/release/plasmid/plasmid.2.genomic.gbff.gz	public_current_release	benchmarks/genbank-plasmid/plasmid.2.genomic.gbff.gz	direct_download	benchmark_genbank_named_attributes.Rmd	1	md5=9b4dc17772d631f81acb46d7f194b2e8;sha256=e308aad3e09ee137e742f647e8a42477ad0615b07b94203819f197849f5b1535;bytes=332005281
genbank_plasmid_part3_gbff_gz	genbank-plasmid	genbank_source	NCBI_RefSeq_release_237_plasmid	https://ftp.ncbi.nlm.nih.gov/refseq/release/plasmid/plasmid.3.genomic.gbff.gz	public_current_release	benchmarks/genbank-plasmid/plasmid.3.genomic.gbff.gz	direct_download	benchmark_genbank_named_attributes.Rmd	1	md5=87d988de7c89a0ccf8d9b59ced77f4ce;sha256=864dd71982ceee294d1c5167602457440a1cc087d6f621f3b9ba0e56fad43c11;bytes=317747378
genbank_plasmid_part4_gbff_gz	genbank-plasmid	genbank_source	NCBI_RefSeq_release_237_plasmid	https://ftp.ncbi.nlm.nih.gov/refseq/release/plasmid/plasmid.4.genomic.gbff.gz	public_current_release	benchmarks/genbank-plasmid/plasmid.4.genomic.gbff.gz	direct_download	benchmark_genbank_named_attributes.Rmd	1	md5=889244777f40195904324072889bfab3;sha256=9717bf8ac253816444f7055c55af6283652f8bc7e24b45b7213bd5504a8a422d;bytes=303062836
genbank_plasmid_records_1	genbank-plasmid	genbank_input	NCBI_RefSeq_release_237_plasmid_part_1	artifact:genbank_plasmid_part1_gbff_gz	public	benchmarks/genbank-plasmid/records_1.gbff	gunzip_concatenate	benchmark_genbank_named_attributes.Rmd	2	sha256=f91ad00e5215d5d7c72a2fb7a04a757cbaa22b57d595fdf15a6872e8df230cff;bytes=1693174640;records=23713
genbank_plasmid_records_2	genbank-plasmid	genbank_input	NCBI_RefSeq_release_237_plasmid_parts_1_to_2	artifact:genbank_plasmid_part1_gbff_gz;artifact:genbank_plasmid_part2_gbff_gz	public	benchmarks/genbank-plasmid/records_2.gbff	gunzip_concatenate	benchmark_genbank_named_attributes.Rmd	2	sha256=19d6c0ee09d9522d44e4a11b1780650fb7c47bab87cae136af1342d87020a00a;bytes=3392019192;records=43922
genbank_plasmid_records_4	genbank-plasmid	genbank_input	NCBI_RefSeq_release_237_plasmid_parts_1_to_4	artifact:genbank_plasmid_part1_gbff_gz;artifact:genbank_plasmid_part2_gbff_gz;artifact:genbank_plasmid_part3_gbff_gz;artifact:genbank_plasmid_part4_gbff_gz	public	benchmarks/genbank-plasmid/records_4.gbff	gunzip_concatenate	benchmark_genbank_named_attributes.Rmd	2	sha256=bf87d9ec7306be00e45dc51b218bde7fc010ab8830b5843e5877a43eeb870b6a;bytes=6585648536;records=71677
genbank_memory_phix174	genbank-memory-scaling	genbank_input	NCBI_RefSeq_NC_001422.1	repo:test/data/phix174.gb	repository_fixture	benchmarks/genbank-memory/phix174.gb	copy_committed_fixture	benchmark_genbank_memory.Rmd	1	sha256=d251690f86f0386459666632cce33da3bdec87455f1b91c08069f22010b6c2e9;bytes=26231;records=1;bp=5386
genbank_memory_phix174_x2	genbank-memory-scaling	genbank_input	NCBI_RefSeq_NC_001422.1_x2	repo:test/data/phix174_x2.gb	repository_fixture	benchmarks/genbank-memory/phix174_x2.gb	copy_committed_fixture	benchmark_genbank_memory.Rmd	2	sha256=7e0c4840dddb0f94f165acb79d7a061c488b91f983c8c84026e3b8bb2f5db315;bytes=52463;records=2;bp=10772
genbank_memory_lambda	genbank-memory-scaling	genbank_input	NCBI_RefSeq_NC_001416.1	repo:test/data/lambda.gb	repository_fixture	benchmarks/genbank-memory/lambda.gb	copy_committed_fixture	benchmark_genbank_memory.Rmd	3	sha256=057e80480982bacae7b78d548b570ec34cb1ca97b4320c98f922061f6549e241;bytes=176714;records=1;bp=48502
ont_ecoli_k12_reference_fna_gz	ont-ecoli-k12	source_fasta_gz	NCBI_RefSeq_GCF_000005845.2_ASM584v2	https://ftp.ncbi.nlm.nih.gov/genomes/all/GCF/000/005/845/GCF_000005845.2_ASM584v2/GCF_000005845.2_ASM584v2_genomic.fna.gz	public	benchmarks/ont-ecoli-k12/GCF_000005845.2_ASM584v2_genomic.fna.gz	direct_download	benchmark_cigar_aligned_blocks.Rmd;benchmark_cigar_validation.Rmd;benchmark_init_readers.Rmd	10	md5=c13d459b5caa702ff7e1f26fe44b8ad7;bytes=1379902
ont_ecoli_k12_reference_fna	ont-ecoli-k12	reference	NCBI_RefSeq_GCF_000005845.2_ASM584v2	artifact:ont_ecoli_k12_reference_fna_gz	local_derived	benchmarks/ont-ecoli-k12/GCF_000005845.2_ASM584v2_genomic.fna	gunzip	benchmark_cigar_aligned_blocks.Rmd;benchmark_cigar_validation.Rmd;benchmark_init_readers.Rmd	20	sha256=53bb6a51b6e92139ced1e38f74b7938781027c52200922ff03718c2237d23bb4;bytes=4699745;contigs=1;bp=4641652
ont_ecoli_k12_reads_fastq_gz	ont-ecoli-k12	input_fastq_gz	ENA_PRJEB86481_ERR14686255	https://ftp.sra.ebi.ac.uk/vol1/fastq/ERR146/055/ERR14686255/ERR14686255.fastq.gz	public	benchmarks/ont-ecoli-k12/ERR14686255.fastq.gz	direct_download	benchmark_cigar_aligned_blocks.Rmd;benchmark_cigar_validation.Rmd;benchmark_init_readers.Rmd	30	md5=9e75966f350b3bad769a438d19b35556;bytes=53549982;reads=25950;bases=59059727
ont_ecoli_k12_bam	ont-ecoli-k12	derived_bam	ENA_PRJEB86481_ERR14686255	artifact:ont_ecoli_k12_reference_fna;artifact:ont_ecoli_k12_reads_fastq_gz	local_derived	benchmarks/ont-ecoli-k12/ERR14686255.map-ont.bam	minimap2_map_ont;samtools_sort;samtools_index	benchmark_cigar_aligned_blocks.Rmd;benchmark_cigar_validation.Rmd;benchmark_init_readers.Rmd	40	aligner=minimap2;preset=map-ont;sort=coordinate
sql_scaling_1000g_phase3_chr22	sql-scaling-audit	phased_vcf	1000G_phase3_20130502_GRCh37	https://ftp.1000genomes.ebi.ac.uk/vol1/ftp/release/20130502/ALL.chr22.phase3_shapeit2_mvncall_integrated_v5b.20130502.genotypes.vcf.gz	public	benchmarks/ancestry-reference/ALL.chr22.phase3.genotypes.vcf.gz	direct_download	benchmark_sql_scaling_audit.Rmd	2	bytes=205612353;sha256=a90c16c4ff2b3196476d506ae13cb3047fae8670163c7c932c4b0239aef3daf5;assembly=GRCh37;chrom=22
sql_scaling_epilepsy	sql-scaling-audit	gwas_sumstats	bigsnpr_1.12.21_example_epigad_2018	https://www.epigad.org/gwas_ilae2018_16loci/all_epilepsy_METAL.gz	public	benchmarks/ancestry-reference/all_epilepsy_METAL.gz	direct_download	benchmark_sql_scaling_audit.Rmd	3	bytes=165163717;sha256=aa3a27177e9ff781f4dbb6459895cd51c85e60650434a25851b49fdee920dcca
sql_scaling_giab_1x	sql-scaling-audit	vcf_counts_source	GIAB_NISTv4.2.1_HG002_GRCh38	artifact:geno_giab_phased_source;artifact:geno_giab_phased_source_tbi	local_derived	benchmarks/sql-scaling-audit/giab-1x.vcf.gz	bcftools_view_chr1_to_chrN	benchmark_sql_scaling_audit.Rmd	10	records=319349;chromosomes=1
sql_scaling_giab_2x	sql-scaling-audit	vcf_counts_source	GIAB_NISTv4.2.1_HG002_GRCh38	artifact:geno_giab_phased_source;artifact:geno_giab_phased_source_tbi	local_derived	benchmarks/sql-scaling-audit/giab-2x.vcf.gz	bcftools_view_chr1_to_chrN	benchmark_sql_scaling_audit.Rmd	11	records=646810;chromosomes=2
sql_scaling_giab_4x	sql-scaling-audit	vcf_counts_source	GIAB_NISTv4.2.1_HG002_GRCh38	artifact:geno_giab_phased_source;artifact:geno_giab_phased_source_tbi	local_derived	benchmarks/sql-scaling-audit/giab-4x.vcf.gz	bcftools_view_chr1_to_chrN	benchmark_sql_scaling_audit.Rmd	12	records=1236049;chromosomes=4
sql_scaling_vcf_counts_duplicate_million	sql-scaling-audit	vcf_counts_duplicate_error	GIAB_NISTv4.2.1_HG002_GRCh38	artifact:sql_scaling_giab_1x	local_derived	benchmarks/sql-scaling-audit/duplicate-million.vcf	repeat_first_biallelic_chr1_snp_gt_ad_1000000	benchmark_sql_scaling_real_run.R;benchmark_sql_scaling_audit.Rmd	13	records=1000000;assembly=GRCh38;duplicate_records_at_one_site=true
sql_scaling_phase3_1x	sql-scaling-audit	somalier_site_source	1000G_phase3_20130502_GRCh37	artifact:sql_scaling_1000g_phase3_chr22	local_derived	benchmarks/sql-scaling-audit/phase3-1x.vcf.gz	bcftools_view_biallelic_snps_norm_d_all	benchmark_sql_scaling_audit.Rmd	20	records=124658;region=22:16000000-21000000
sql_scaling_phase3_2x	sql-scaling-audit	somalier_site_source	1000G_phase3_20130502_GRCh37	artifact:sql_scaling_1000g_phase3_chr22	local_derived	benchmarks/sql-scaling-audit/phase3-2x.vcf.gz	bcftools_view_biallelic_snps_norm_d_all	benchmark_sql_scaling_audit.Rmd	21	records=274567;region=22:16000000-26000000
sql_scaling_phase3_4x	sql-scaling-audit	somalier_site_source	1000G_phase3_20130502_GRCh37	artifact:sql_scaling_1000g_phase3_chr22	local_derived	benchmarks/sql-scaling-audit/phase3-4x.vcf.gz	bcftools_view_biallelic_snps_norm_d_all	benchmark_sql_scaling_audit.Rmd	22	records=562061;region=22:16000000-36000000
tabix_split_gff3	tabix-single-split	gff3_input	GENCODE_mouse_vM25	https://ftp.ebi.ac.uk/pub/databases/gencode/Gencode_mouse/release_M25/gencode.vM25.basic.annotation.gff3.gz	public	benchmarks/gff-attributes/gencode.vM25.basic.annotation.gff3.gz	direct_download	benchmark_tabix_split.Rmd	1	bytes=24025067;md5=bc9ff6b8c68f5c7eb2c39f5243734ddd;sha256=e8ed48bef6a44fdf0db7c10a551d4398aa341318d00fbd9efd69530593106846;records=1299172
tabix_split_gtf	tabix-single-split	gtf_input	GENCODE_mouse_vM25	https://ftp.ebi.ac.uk/pub/databases/gencode/Gencode_mouse/release_M25/gencode.vM25.basic.annotation.gtf.gz	public	benchmarks/gff-attributes/gencode.vM25.basic.annotation.gtf.gz	direct_download	benchmark_tabix_split.Rmd	2	bytes=19833013;sha256=f0b448e01037339379782a1cbc973c3d26756bba9a8e8d4eac0cb9ec4714f869
tabix_split_bed	tabix-single-split	bed_like_16_columns	GENCODE_mouse_vM25	artifact:tabix_split_gff3	local_derived	benchmarks/tabix-split/gencode.vM25.bed16.tsv	first_100000_gff3_records_to_bed16	benchmark_tabix_split.Rmd	3	bytes=97197357;sha256=b695d4c8467454acd7461688601882ada9c7af90eaa732326c4a549e01adef57;rows=100000;columns=16
roh_ancestry_pedigree	roh-ancestry	trio_pedigree	1000G_2504_high_coverage_20130606	https://ftp.1000genomes.ebi.ac.uk/vol1/ftp/data_collections/1000G_2504_high_coverage/20130606_g1k_3202_samples_ped_population.txt	public	benchmarks/roh-ancestry/pedigree.txt	direct_download	benchmark_roh_ancestry.Rmd;roh_ancestry_stage.R	1	bytes=97483;sha256=4e164b717433fc9bfc16e29b20e5b4659b4216185b3275322d421fe3d323c132
roh_ancestry_chr20_source	roh-ancestry	phased_source_vcf	1000G_20201028_3202_phased_chr20	https://ftp.1000genomes.ebi.ac.uk/vol1/ftp/data_collections/1000G_2504_high_coverage/working/20201028_3202_phased/CCDG_14151_B01_GRM_WGS_2020-08-05_chr20.filtered.shapeit2-duohmm-phased.vcf.gz	public	benchmarks/roh-ancestry/chr20.source.vcf.gz	verified_local_copy	benchmark_roh_ancestry.Rmd;roh_ancestry_stage.R	2	sha256=c2624c726c6cb27e288fe5908621125740379a3d523299dd07c13abf97645e4b;etag=2fbb7ed2-5b2d2762b9fc0;last_modified=2020-10-29T17:17:59Z;samples=3202
roh_ancestry_chr20_children_bcf	roh-ancestry	trio_children_bcf	1000G_20201028_3202_phased_chr20	artifact:roh_ancestry_chr20_source;artifact:roh_ancestry_pedigree	local_derived	benchmarks/roh-ancestry/chr20.children.bcf	stage_roh_children	benchmark_roh_ancestry.Rmd;roh_ancestry_stage.R;test_roh_ancestry_staging.R	3	records=849143;samples=377;bcftools=1.23.1-70-g6dbd8fef;sha256=a53f83cebd7de6fb4661c14ecd93e5346022ff453392095a085e0b7cda116541
roh_ancestry_chr20_truth_windows	roh-ancestry	truth_windows	1000G_20201028_3202_phased_chr20	artifact:roh_ancestry_chr20_children_bcf	local_derived	benchmarks/roh-ancestry/chr20.truth_windows.parquet	read_bcf_count_heterozygous_GT_floor_POS_minus_1_by_100kb	benchmark_roh_ancestry.Rmd	4	sha256=836636c824a62762df1b7ea529a2d63df7f80c1620aed57a11117bc576f232d5;children=377;window_rows=243165
roh_ancestry_chr20_reference_long	roh-ancestry	reference_long_chr20	bigsnpr_1.12.21_GRCh38	artifact:ancestry_reference_grch38_parquet	local_derived	benchmarks/roh-ancestry/chr20.reference_long.parquet	filter_chr20_unpivot_21_groups	benchmark_roh_ancestry.Rmd	5	rows=2332218;sha256=05497926e65b59fe1eeaf2106e1525dfa3c55b0e67117ea99fee4d5cdcfe3bc3
roh_ancestry_chr20_af_sites	roh-ancestry	matched_af_sites_chr20	1000G_20201028_3202_phased_chr20	artifact:roh_ancestry_chr20_children_bcf;artifact:ancestry_reference_grch38_parquet	local_derived	benchmarks/roh-ancestry/chr20.af_reference_sites.parquet	matched_orientation_nonpalindromic_INFO_AF_arrays_first_value	benchmark_roh_ancestry.Rmd	6	sites=108757;all_five_AF_fields_nonnull;sha256=fd08cae8ca68d7092a4e5175c382869ac25cb7e1e8276650b8c4988a78e203fd
roh_ancestry_chr20_q	roh-ancestry	child_proportions_chr20	bigsnpr_1.12.21_GRCh38	artifact:roh_ancestry_chr20_children_bcf;artifact:ancestry_reference_grch38_parquet;artifact:ancestry_correction	local_derived	benchmarks/roh-ancestry/chr20.q.csv	Rduckhts_ancestry_proportions_dosage_min_cor_0.4	benchmark_roh_ancestry.Rmd	7	children=377;sites=108757;all_status=ok;sha256=7449621e7092f311c1e2853431936937a6a33dfc476f5a9f2348a744cfb64448
roh_ancestry_chr1_source	roh-ancestry	phased_source_vcf	1000G_20201028_3202_phased_chr1	https://ftp.1000genomes.ebi.ac.uk/vol1/ftp/data_collections/1000G_2504_high_coverage/working/20201028_3202_phased/CCDG_14151_B01_GRM_WGS_2020-08-05_chr1.filtered.shapeit2-duohmm-phased.vcf.gz	public	benchmarks/roh-ancestry/chr1.source.vcf.gz	stream_remote_by_bcftools	benchmark_roh_ancestry.Rmd;roh_ancestry_stage.R;test_roh_ancestry_staging.R	8	bytes=2788726752;etag="a63897e0-5b2d27518f740";last_modified=2020-10-29T17:17:41Z;samples=3202
roh_ancestry_chr1_children_bcf	roh-ancestry	trio_children_bcf	1000G_20201028_3202_phased_chr1	artifact:roh_ancestry_chr1_source;artifact:roh_ancestry_pedigree	local_derived	benchmarks/roh-ancestry/chr1.children.bcf	stage_roh_children	benchmark_roh_ancestry.Rmd;roh_ancestry_stage.R;test_roh_ancestry_staging.R	9	records=2930166;samples=377;bcftools=1.23.1-70-g6dbd8fef;sha256=96a9c74a3e3051f74ac1b46b4acf716983ba16713c1e18c000ac0b92eed1fe43
