"Population","group","comparison","children","ancestry_sensitivity","comparator_sensitivity","sensitivity_difference","sensitivity_difference_low","sensitivity_difference_high","ancestry_false_discovery","comparator_false_discovery","false_discovery_difference","false_discovery_difference_low","false_discovery_difference_high","better","not_worse","required","criterion_pass"
"ACB","admixed","pooled",20,0.99953470625,0.9996339375,-0.0000992312499999981,-0.000259294374999966,0.0000581937500000462,0.0659596675608584,0.0783450751168153,-0.0123854075559568,-0.0377719865710265,0.000993006059803246,FALSE,TRUE,"better",FALSE
"ACB","admixed","single_population",20,0.99953470625,0.9995416625,-0.00000695625000002309,-0.0000588187500000226,0.0000289000000001094,0.0659596675608584,0.0665633481653696,-0.000603680604511145,-0.00218185255869495,0.000272894904601978,FALSE,TRUE,"better",FALSE
"ASW","admixed","pooled",13,0.998947932692308,0.999023701923077,-0.0000757692307692404,-0.000178673076923097,0,0.115659958222431,0.116500536858829,-0.000840578636398581,-0.00184141206566078,-0.0000668931747018455,TRUE,TRUE,"better",TRUE
"ASW","admixed","single_population",13,0.998947932692308,0.998358519230769,0.000589413461538402,0,0.00175242307692303,0.115659958222431,0.0890236794287997,0.0266362787936309,-0.00000000328022424396483,0.0722082022094727,FALSE,FALSE,"better",FALSE
"CLM","admixed","pooled",35,0.999001546428571,0.998991732142857,0.00000981428571422693,-0.0000278964285714833,0.000057015089285764,0.218552079856763,0.219559363964682,-0.00100728410791939,-0.00600312915125333,0.00489215217067333,FALSE,TRUE,"better",FALSE
"CLM","admixed","single_population",35,0.999001546428571,0.998928889285714,0.000072657142857091,-0.00000242857142851438,0.000182557857142868,0.218552079856763,0.220538148372298,-0.00198606851553537,-0.0095273648425214,0.00454154583038056,FALSE,TRUE,"better",FALSE
"MXL","admixed","pooled",32,0.99930853125,0.99939670703125,-0.0000881757812500883,-0.000304413867187553,0.0000410701171874111,0.237467800718079,0.238923517500315,-0.00145571678223622,-0.0028043726491303,-0.0000699038262536909,TRUE,TRUE,"better",TRUE
"MXL","admixed","single_population",32,0.99930853125,0.99930087109375,0.00000766015624997785,-0.0000327369140624922,0.0000468085937499474,0.237467800718079,0.238336482813061,-0.000868682094981532,-0.00501575607284855,0.00170914591352234,FALSE,TRUE,"better",FALSE
"PEL","admixed","pooled",35,0.995983996428571,0.995967078571429,0.0000169178571428619,-0.0000738703571429161,0.000156028928571431,0.311647786497226,0.314806694192699,-0.00315890769547289,-0.00694686750770593,0.000663802584898935,FALSE,TRUE,"better",FALSE
"PEL","admixed","single_population",35,0.995983996428571,0.995992846428571,-0.0000088500000000602,-0.0000265500000000696,0,0.311647786497226,0.311836596156727,-0.000188809659500799,-0.00370272004429451,0.0033385234744934,FALSE,TRUE,"better",FALSE
"PUR","admixed","pooled",35,0.998748982142857,0.998961942857143,-0.000212960714285781,-0.000736444732142944,0.0000830096428571208,0.150153974374589,0.152015388717398,-0.00186141434280879,-0.00584920013073808,0.000818208266016649,FALSE,TRUE,"better",FALSE
"PUR","admixed","single_population",35,0.998748982142857,0.998941771428571,-0.000192789285714312,-0.000671302678571475,0.0000703036607142798,0.150153974374589,0.142692150705462,0.0074618236691269,-0.0000649646612571747,0.0186003807624497,FALSE,FALSE,"better",FALSE
"YRI","control","pooled",56,0.997165488839286,0.997256214285714,-0.00009072544642863,-0.000193395870535715,-0.0000128275669643241,0.0954461093932644,0.107263297921915,-0.0118171885286503,-0.0245488069128472,-0.00240832698023179,TRUE,TRUE,"none",NA
"YRI","control","single_population",56,0.997165488839286,0.997174946428571,-0.00000945758928572182,-0.0000283727678571655,0,0.0954461093932644,0.0963952348039887,-0.000949125410724366,-0.00290777457492382,0.0000212668026139926,FALSE,TRUE,"not worse",TRUE
"ESN","control","pooled",43,0.992355462209302,0.995011389534884,-0.0026559273255814,-0.0062339466569767,-0.000181673255813961,0.104912542856519,0.120651923313336,-0.0157393804568175,-0.027139957864921,-0.00617319982025068,TRUE,TRUE,"none",NA
"ESN","control","single_population",43,0.992355462209302,0.992357889534884,-0.0000024273255813112,-0.0000122616279070176,0.00000331976744194495,0.104912542856519,0.105162350591638,-0.000249807735119928,-0.000695125660136431,0.0000659854774910807,FALSE,TRUE,"not worse",TRUE
"CEU","control","pooled",57,0.995765699561403,0.995815063596491,-0.0000493640350877067,-0.000148855646929813,0.00000922330043859053,0.215905261828069,0.216532065288482,-0.000626803460413133,-0.00394777722655339,0.00263855878668114,FALSE,TRUE,"none",NA
"CEU","control","single_population",57,0.995765699561403,0.995775282894737,-0.0000095833333333406,-0.0000287500000000218,0,0.215905261828069,0.215937689430039,-0.0000324276019701697,-0.00236159671998773,0.0022230806118025,FALSE,TRUE,"not worse",TRUE
"CHS","control","pooled",51,0.998903125,0.999015232843137,-0.000112107843137199,-0.000307520588235247,-0.0000045661764706523,0.246408206560181,0.255525245280432,-0.00911703872025105,-0.0129766070524815,-0.00552356307325848,TRUE,TRUE,"none",NA
"CHS","control","single_population",51,0.998903125,0.998903125,0,0,0,0.246408206560181,0.245759515910271,0.000648690649909772,0.000172539662993304,0.0013011022492183,FALSE,TRUE,"not worse",TRUE
