"sample_id","arm","total_roh_bp","froh_chr20","supported_count_1mb","supported_length_1mb","truth_bp","truth_covered_bp","unsupported_count_1mb","unsupported_length_1mb","unsupported_count_2mb","unsupported_length_2mb","unsupported_count_5mb","unsupported_length_5mb","Population"
"HG00405","pooled",24374339,0.378224130044229,0,0,0,0,0,0,0,0,0,0,"CHS"
"HG00405","single_population",21749599,0.337495230561363,0,0,0,0,0,0,0,0,0,0,"CHS"
"HG00405","ancestry_tuned",21825774,0.338677261512279,0,0,0,0,0,0,0,0,0,0,"CHS"
"HG00408","ancestry_tuned",17917102,0.278025193498118,0,0,0,0,1,1021244,0,0,0,0,"CHS"
"HG00408","pooled",20289823,0.31484343648976,0,0,0,0,1,1027843,0,0,0,0,"CHS"
"HG00408","single_population",17659559,0.274028819396486,0,0,0,0,1,1021244,0,0,0,0,"CHS"
"HG00420","ancestry_tuned",18752471,0.290987871718475,0,0,0,0,0,0,0,0,0,0,"CHS"
"HG00420","single_population",18683087,0.289911218807437,0,0,0,0,0,0,0,0,0,0,"CHS"
"HG00420","pooled",21089389,0.327250548525206,0,0,0,0,0,0,0,0,0,0,"CHS"
"HG00423","single_population",19734991,0.306233937355416,0,0,0,0,1,1641551,0,0,0,0,"CHS"
"HG00423","ancestry_tuned",20138643,0.312497529838503,0,0,0,0,1,1641551,0,0,0,0,"CHS"
"HG00423","pooled",22109856,0.343085449455806,0,0,0,0,1,1666725,0,0,0,0,"CHS"
"HG00429","pooled",21267018,0.330006872460622,0,0,0,0,0,0,0,0,0,0,"CHS"
"HG00429","single_population",19127767,0.296811455410697,0,0,0,0,0,0,0,0,0,0,"CHS"
"HG00429","ancestry_tuned",19201737,0.297959270697067,0,0,0,0,0,0,0,0,0,0,"CHS"
"HG00438","ancestry_tuned",20955845,0.325178305121083,0,0,0,0,2,3065271,0,0,0,0,"CHS"
"HG00438","pooled",22796581,0.353741572918461,0,0,0,0,2,3065271,0,0,0,0,"CHS"
"HG00438","single_population",20966356,0.325341407547405,0,0,0,0,2,3065271,0,0,0,0,"CHS"
"HG00444","ancestry_tuned",15726526,0.244033350605649,0,0,0,0,1,1303503,0,0,0,0,"CHS"
"HG00444","single_population",15447185,0.239698730220223,0,0,0,0,1,1303503,0,0,0,0,"CHS"
"HG00444","pooled",18491915,0.286944743967286,0,0,0,0,1,1303503,0,0,0,0,"CHS"
"HG00447","single_population",17557046,0.27243809358262,0,0,0,0,1,1167462,0,0,0,0,"CHS"
"HG00447","ancestry_tuned",17574153,0.272703548173724,0,0,0,0,1,1167462,0,0,0,0,"CHS"
"HG00447","pooled",19862538,0.308213123462361,0,0,0,0,1,1167462,0,0,0,0,"CHS"
"HG00450","pooled",23506340,0.364755122057827,0,0,0,0,2,2779809,0,0,0,0,"CHS"
"HG00450","single_population",20740077,0.321830166568838,0,0,0,0,2,2399593,0,0,0,0,"CHS"
"HG00450","ancestry_tuned",21129190,0.327868152908238,0,0,0,0,2,2399593,0,0,0,0,"CHS"
"HG00453","ancestry_tuned",20122507,0.312247142553646,0,0,0,0,1,2225194,1,2225194,0,0,"CHS"
"HG00453","pooled",22086516,0.342723275482791,0,0,0,0,1,2213618,1,2213618,0,0,"CHS"
"HG00453","single_population",20030191,0.310814646731333,0,0,0,0,1,2223787,1,2223787,0,0,"CHS"
"HG00459","ancestry_tuned",21344722,0.331212629375751,0,0,0,0,2,2784603,0,0,0,0,"CHS"
"HG00459","single_population",21269696,0.330048427811938,0,0,0,0,2,2784603,0,0,0,0,"CHS"
"HG00459","pooled",23276087,0.361182215296537,0,0,0,0,2,2784603,0,0,0,0,"CHS"
"HG00465","single_population",17017263,0.264062114419137,0,0,0,0,0,0,0,0,0,0,"CHS"
"HG00465","ancestry_tuned",17174887,0.266508014604332,0,0,0,0,0,0,0,0,0,0,"CHS"
"HG00465","pooled",19481181,0.302295489365236,0,0,0,0,0,0,0,0,0,0,"CHS"
"HG00474","pooled",22402626,0.347628451772835,0,0,0,0,1,1590692,0,0,0,0,"CHS"
"HG00474","single_population",19364153,0.300479529823079,0,0,0,0,1,1547678,0,0,0,0,"CHS"
"HG00474","ancestry_tuned",19437345,0.301615272643682,0,0,0,0,1,1547678,0,0,0,0,"CHS"
"HG00477","ancestry_tuned",20746424,0.321928654923882,0,0,0,0,1,1041792,0,0,0,0,"CHS"
"HG00477","pooled",23530287,0.365126715036909,0,0,0,0,1,1041792,0,0,0,0,"CHS"
"HG00477","single_population",20557613,0.318998816448353,0,0,0,0,1,1041792,0,0,0,0,"CHS"
"HG00480","ancestry_tuned",17038533,0.264392167564211,0,0,0,0,0,0,0,0,0,0,"CHS"
"HG00480","single_population",16847934,0.261434584141649,0,0,0,0,0,0,0,0,0,0,"CHS"
"HG00480","pooled",19710626,0.305855858141513,0,0,0,0,0,0,0,0,0,0,"CHS"
"HG00502","ancestry_tuned",17796000,0.276146016442419,0,0,0,0,0,0,0,0,0,0,"CHS"
"HG00502","single_population",17776790,0.275847928952204,0,0,0,0,0,0,0,0,0,0,"CHS"
"HG00502","pooled",20171785,0.313011804466338,0,0,0,0,0,0,0,0,0,0,"CHS"
"HG00514","single_population",18529014,0.287520420583604,0,0,0,0,0,0,0,0,0,0,"CHS"
"HG00514","pooled",20268669,0.314515183352436,0,0,0,0,0,0,0,0,0,0,"CHS"
"HG00514","ancestry_tuned",18772371,0.291296666151337,0,0,0,0,0,0,0,0,0,0,"CHS"
"HG00526","pooled",21175738,0.328590452569586,0,0,0,0,1,1666725,0,0,0,0,"CHS"
"HG00526","single_population",18566788,0.288106571382946,0,0,0,0,1,1488691,0,0,0,0,"CHS"
"HG00526","ancestry_tuned",18527609,0.287498618765605,0,0,0,0,1,1488691,0,0,0,0,"CHS"
"HG00532","ancestry_tuned",20241469,0.314093112569831,0,0,0,0,2,3337589,1,2224707,0,0,"CHS"
"HG00532","pooled",22688954,0.352071491590542,0,0,0,0,2,3341351,1,2224707,0,0,"CHS"
"HG00532","single_population",19899890,0.30879272595765,0,0,0,0,2,3337589,1,2224707,0,0,"CHS"
"HG00535","single_population",19608076,0.304264558187244,0,0,0,0,1,1541863,0,0,0,0,"CHS"
"HG00535","ancestry_tuned",19618631,0.304428343375127,0,0,0,0,1,1541863,0,0,0,0,"CHS"
"HG00535","pooled",21625687,0.335572449869668,0,0,0,0,1,1541863,0,0,0,0,"CHS"
"HG00538","single_population",17426929,0.270419027993643,0,0,0,0,1,1590692,0,0,0,0,"CHS"
"HG00538","pooled",19837142,0.30781904590372,0,0,0,0,1,1590692,0,0,0,0,"CHS"
"HG00538","ancestry_tuned",17907487,0.277875994579928,0,0,0,0,1,1590692,0,0,0,0,"CHS"
"HG00544","pooled",19441259,0.301676007387915,0,0,0,0,1,1590692,0,0,0,0,"CHS"
"HG00544","single_population",17313366,0.268656835924344,0,0,0,0,1,1590692,0,0,0,0,"CHS"
"HG00544","ancestry_tuned",17414011,0.270218575406522,0,0,0,0,1,1590692,0,0,0,0,"CHS"
"HG00552","ancestry_tuned",15528659,0.240962987387206,0,0,0,0,0,0,0,0,0,0,"PUR"
"HG00552","pooled",17050641,0.264580051131703,0,0,0,0,0,0,0,0,0,0,"PUR"
"HG00552","single_population",16139478,0.250441254054847,0,0,0,0,0,0,0,0,0,0,"PUR"
"HG00555","single_population",11984576,0.18596835924654,0,0,0,0,0,0,0,0,0,0,"PUR"
"HG00555","ancestry_tuned",12736979,0.197643628476104,0,0,0,0,0,0,0,0,0,0,"PUR"
"HG00555","pooled",12944091,0.200857449208708,0,0,0,0,0,0,0,0,0,0,"PUR"
"HG00558","single_population",21918918,0.34012260566577,0,0,0,0,1,1541863,0,0,0,0,"CHS"
"HG00558","pooled",24322776,0.377424011082337,0,0,0,0,1,1666725,0,0,0,0,"CHS"
"HG00558","ancestry_tuned",21869509,0.339355910985706,0,0,0,0,1,1541863,0,0,0,0,"CHS"
"HG00561","pooled",21315542,0.330759834322942,0,0,0,0,1,1233726,0,0,0,0,"CHS"
"HG00561","single_population",19607763,0.304259701269783,0,0,0,0,1,1233726,0,0,0,0,"CHS"
"HG00561","ancestry_tuned",19964325,0.309792583710485,0,0,0,0,1,1233726,0,0,0,0,"CHS"
"HG00567","ancestry_tuned",21506770,0.333727178132351,0,0,0,0,2,3757812,1,2224707,0,0,"CHS"
"HG00567","pooled",23902434,0.37090143472566,0,0,0,0,2,3775761,1,2224707,0,0,"CHS"
"HG00567","single_population",21616668,0.335432499267156,0,0,0,0,2,3757812,1,2224707,0,0,"CHS"
"HG00579","ancestry_tuned",20759654,0.322133948911156,0,0,0,0,1,1069913,0,0,0,0,"CHS"
"HG00579","single_population",20467083,0.317594034538456,0,0,0,0,1,1069913,0,0,0,0,"CHS"
"HG00579","pooled",23224480,0.360381413573086,0,0,0,0,1,1069913,0,0,0,0,"CHS"
"HG00582","single_population",17288897,0.268277142910389,0,0,0,0,0,0,0,0,0,0,"CHS"
"HG00582","ancestry_tuned",17367818,0.269501784389579,0,0,0,0,0,0,0,0,0,0,"CHS"
"HG00582","pooled",19563153,0.303567474151695,0,0,0,0,0,0,0,0,0,0,"CHS"
"HG00585","pooled",22684355,0.352000127490204,0,0,0,0,0,0,0,0,0,0,"CHS"
"HG00585","single_population",19756615,0.306569483627587,0,0,0,0,0,0,0,0,0,0,"CHS"
"HG00585","ancestry_tuned",19666585,0.305172460371782,0,0,0,0,0,0,0,0,0,0,"CHS"
"HG00591","pooled",17227626,0.267326381920648,0,0,0,0,1,1037020,0,0,0,0,"CHS"
"HG00591","single_population",15628999,0.242519994090388,0,0,0,0,1,1030444,0,0,0,0,"CHS"
"HG00591","ancestry_tuned",16029325,0.248731976006455,0,0,0,0,1,1030444,0,0,0,0,"CHS"
"HG00594","pooled",19095920,0.296317275696961,0,0,0,0,0,0,0,0,0,0,"CHS"
"HG00594","ancestry_tuned",16705108,0.259218309082962,0,0,0,0,0,0,0,0,0,0,"CHS"
"HG00594","single_population",16555891,0.25690286290767,0,0,0,0,0,0,0,0,0,0,"CHS"
"HG00597","single_population",17277266,0.268096661098901,0,0,0,0,0,0,0,0,0,0,"CHS"
"HG00597","pooled",19532838,0.303097066954097,0,0,0,0,0,0,0,0,0,0,"CHS"
"HG00597","ancestry_tuned",17170756,0.266443912604224,0,0,0,0,0,0,0,0,0,0,"CHS"
"HG00609","single_population",17575859,0.272730020701486,0,0,0,0,3,4048677,0,0,0,0,"CHS"
"HG00609","ancestry_tuned",17852388,0.277021006416298,0,0,0,0,3,4048677,0,0,0,0,"CHS"
"HG00609","pooled",19667299,0.305183539729825,0,0,0,0,3,4049519,0,0,0,0,"CHS"
"HG00612","ancestry_tuned",21563761,0.334611525043066,0,0,0,0,1,1252351,0,0,0,0,"CHS"
"HG00612","single_population",21536387,0.334186754248837,0,0,0,0,1,1252351,0,0,0,0,"CHS"
"HG00612","pooled",23514504,0.364881805361841,0,0,0,0,1,1252351,0,0,0,0,"CHS"
"HG00615","pooled",22831112,0.354277401087363,0,0,0,0,0,0,0,0,0,0,"CHS"
"HG00615","ancestry_tuned",20380933,0.316257218438404,0,0,0,0,0,0,0,0,0,0,"CHS"
"HG00615","single_population",20404824,0.316627942448228,0,0,0,0,0,0,0,0,0,0,"CHS"
"HG00621","single_population",18216334,0.282668468660631,0,0,0,0,1,1169016,0,0,0,0,"CHS"
"HG00621","pooled",21019221,0.326161730044552,0,0,0,0,1,1169016,0,0,0,0,"CHS"
"HG00621","ancestry_tuned",18392314,0.285399204554851,0,0,0,0,1,1169016,0,0,0,0,"CHS"
"HG00627","single_population",17754861,0.275507649901038,0,0,0,0,0,0,0,0,0,0,"CHS"
"HG00627","pooled",20434875,0.317094253076465,0,0,0,0,0,0,0,0,0,0,"CHS"
"HG00627","ancestry_tuned",18202347,0.282451428071062,0,0,0,0,0,0,0,0,0,0,"CHS"
"HG00630","pooled",21891601,0.339698719358107,0,0,0,0,0,0,0,0,0,0,"CHS"
"HG00630","single_population",19262634,0.298904228213548,0,0,0,0,0,0,0,0,0,0,"CHS"
"HG00630","ancestry_tuned",19127793,0.29681185886071,0,0,0,0,0,0,0,0,0,0,"CHS"
"HG00636","single_population",20060047,0.311277931484474,0,0,0,0,1,1541863,0,0,0,0,"CHS"
"HG00636","ancestry_tuned",20280639,0.314700925531398,0,0,0,0,1,1541863,0,0,0,0,"CHS"
"HG00636","pooled",22124366,0.343310605597555,0,0,0,0,1,1541863,0,0,0,0,"CHS"
"HG00639","pooled",15573071,0.241652142078274,0,0,0,0,0,0,0,0,0,0,"PUR"
"HG00639","single_population",14592560,0.226437250713474,0,0,0,0,0,0,0,0,0,0,"PUR"
"HG00639","ancestry_tuned",14172220,0.219914705391413,0,0,0,0,0,0,0,0,0,0,"PUR"
"HG00642","pooled",16376090,0.254112835378879,0,0,0,0,1,1541863,0,0,0,0,"PUR"
"HG00642","ancestry_tuned",15875512,0.24634521228275,0,0,0,0,1,1541863,0,0,0,0,"PUR"
"HG00642","single_population",15624978,0.24245759899418,0,0,0,0,1,1541863,0,0,0,0,"PUR"
"HG00652","ancestry_tuned",18410742,0.285685157510066,0,0,0,0,1,1030444,0,0,0,0,"CHS"
"HG00652","pooled",21581672,0.334889455549949,0,0,0,0,1,1037020,0,0,0,0,"CHS"
"HG00652","single_population",18365845,0.284988476924529,0,0,0,0,1,1030444,0,0,0,0,"CHS"
"HG00655","pooled",21579066,0.334849017444822,0,0,0,0,1,1252351,0,0,0,0,"CHS"
"HG00655","single_population",19069535,0.295907851520526,0,0,0,0,1,1099491,0,0,0,0,"CHS"
"HG00655","ancestry_tuned",19342811,0.300148359431816,0,0,0,0,1,1099491,0,0,0,0,"CHS"
"HG00658","pooled",19184539,0.297692404030919,0,0,0,0,0,0,0,0,0,0,"CHS"
"HG00658","ancestry_tuned",16503733,0.256093511147409,0,0,0,0,0,0,0,0,0,0,"CHS"
"HG00658","single_population",16292133,0.252810048735675,0,0,0,0,0,0,0,0,0,0,"CHS"
"HG00664","pooled",22463533,0.348573564462397,0,0,0,0,2,3270340,1,2021389,0,0,"CHS"
"HG00664","single_population",19823610,0.307609065689374,0,0,0,0,2,3270340,1,2021389,0,0,"CHS"
"HG00664","ancestry_tuned",20043031,0.311013888968415,0,0,0,0,2,3270340,1,2021389,0,0,"CHS"
"HG00673","single_population",17678197,0.27431803098642,0,0,0,0,1,1410269,0,0,0,0,"CHS"
"HG00673","pooled",19912950,0.308995382002533,0,0,0,0,1,1410269,0,0,0,0,"CHS"
"HG00673","ancestry_tuned",17583730,0.272852157434202,0,0,0,0,1,1410269,0,0,0,0,"CHS"
"HG00685","ancestry_tuned",18242851,0.283079941121747,0,0,0,0,1,1410269,0,0,0,0,"CHS"
"HG00685","single_population",18139610,0.281477918707522,0,0,0,0,1,1410269,0,0,0,0,"CHS"
"HG00685","pooled",20670664,0.320753063655862,0,0,0,0,1,1410269,0,0,0,0,"CHS"
"HG00691","pooled",20059354,0.311267177989902,0,0,0,0,0,0,0,0,0,0,"CHS"
"HG00691","ancestry_tuned",17984925,0.279077623891081,0,0,0,0,0,0,0,0,0,0,"CHS"
"HG00691","single_population",17916169,0.278010715849582,0,0,0,0,0,0,0,0,0,0,"CHS"
"HG00694","pooled",22465565,0.348605095632627,0,0,0,0,1,1252351,0,0,0,0,"CHS"
"HG00694","single_population",19906909,0.308901641943793,0,0,0,0,1,1252351,0,0,0,0,"CHS"
"HG00694","ancestry_tuned",19833578,0.307763742217352,0,0,0,0,1,1252351,0,0,0,0,"CHS"
"HG00700","single_population",19176835,0.297572858688669,0,0,0,0,0,0,0,0,0,0,"CHS"
"HG00700","pooled",20847777,0.323501380660254,0,0,0,0,0,0,0,0,0,0,"CHS"
"HG00700","ancestry_tuned",19338975,0.300088835037623,0,0,0,0,0,0,0,0,0,0,"CHS"
"HG00702","pooled",19108534,0.296513011022394,0,0,0,0,1,1410269,0,0,0,0,"CHS"
"HG00702","single_population",16745529,0.259845534197067,0,0,0,0,1,1410269,0,0,0,0,"CHS"
"HG00702","ancestry_tuned",17143418,0.26601970043309,0,0,0,0,1,1410269,0,0,0,0,"CHS"
"HG00703","single_population",16723416,0.259502399961194,0,0,0,0,1,1273729,0,0,0,0,"CHS"
"HG00703","ancestry_tuned",16771071,0.260241877282703,0,0,0,0,1,1273729,0,0,0,0,"CHS"
"HG00703","pooled",19375444,0.300654735749785,0,0,0,0,1,1271741,0,0,0,0,"CHS"
"HG00706","single_population",18061554,0.280266699699912,0,0,0,0,0,0,0,0,0,0,"CHS"
"HG00706","pooled",20547397,0.318840291627945,0,0,0,0,1,1313792,0,0,0,0,"CHS"
"HG00706","ancestry_tuned",18426823,0.285934691342973,0,0,0,0,0,0,0,0,0,0,"CHS"
"HG00709","pooled",23062705,0.35787110104162,0,0,0,0,2,2144494,0,0,0,0,"CHS"
"HG00709","single_population",21317440,0.330789286173875,0,0,0,0,2,2137615,0,0,0,0,"CHS"
"HG00709","ancestry_tuned",21203642,0.329023447537153,0,0,0,0,2,2137615,0,0,0,0,"CHS"
"HG00733","ancestry_tuned",19653588,0.304970781917315,0,0,2100000,2100000,2,3431862,1,2354293,0,0,"PUR"
"HG00733","pooled",20850879,0.323549515350241,0,0,2100000,2100000,2,3423798,1,2345312,0,0,"PUR"
"HG00733","single_population",20066249,0.311374169829831,0,0,2100000,2100000,2,3431862,1,2354293,0,0,"PUR"
"HG00735","pooled",17266565,0.267930610384024,0,0,0,0,2,2374336,0,0,0,0,"PUR"
"HG00735","single_population",16236980,0.251954222637403,0,0,0,0,2,2374336,0,0,0,0,"PUR"
"HG00735","ancestry_tuned",16433625,0.255005623705245,0,0,0,0,2,2374336,0,0,0,0,"PUR"
"HG00738","pooled",12583822,0.195267044106567,0,0,0,0,0,0,0,0,0,0,"PUR"
"HG00738","ancestry_tuned",11791328,0.182969670474599,0,0,0,0,0,0,0,0,0,0,"PUR"
"HG00738","single_population",11737646,0.182136670336665,0,0,0,0,0,0,0,0,0,0,"PUR"
"HG00741","pooled",10047119,0.155904241884297,0,0,0,0,0,0,0,0,0,0,"PUR"
"HG00741","ancestry_tuned",9959319,0.154541822225742,0,0,0,0,0,0,0,0,0,0,"PUR"
"HG00741","single_population",9802626,0.152110368654466,0,0,0,0,0,0,0,0,0,0,"PUR"
"HG01050","single_population",16135775,0.250383793462642,0,0,3300000,3300000,1,3795680,1,3795680,0,0,"PUR"
"HG01050","pooled",16970002,0.263328750917054,0,0,3300000,3300000,1,3795680,1,3795680,0,0,"PUR"
"HG01050","ancestry_tuned",16703740,0.259197081405366,0,0,3300000,3300000,1,3795680,1,3795680,0,0,"PUR"
"HG01053","ancestry_tuned",11049027,0.171451157092309,0,0,0,0,1,1252351,0,0,0,0,"PUR"
"HG01053","single_population",10334128,0.160357848988877,0,0,0,0,0,0,0,0,0,0,"PUR"
"HG01053","pooled",10989245,0.170523501374453,0,0,0,0,1,1040979,0,0,0,0,"PUR"
"HG01056","ancestry_tuned",14072636,0.218369429773217,0,0,0,0,0,0,0,0,0,0,"PUR"
"HG01056","pooled",15473390,0.240105361281185,0,0,0,0,0,0,0,0,0,0,"PUR"
"HG01056","single_population",14478661,0.224669844828625,0,0,0,0,0,0,0,0,0,0,"PUR"
"HG01062","pooled",16885958,0.262024614268038,0,0,0,0,0,0,0,0,0,0,"PUR"
"HG01062","ancestry_tuned",15794034,0.245080893046534,0,0,0,0,0,0,0,0,0,0,"PUR"
"HG01062","single_population",15857776,0.246069997304799,0,0,0,0,0,0,0,0,0,0,"PUR"
"HG01068","single_population",15000459,0.232766745204419,0,0,0,0,0,0,0,0,0,0,"PUR"
"HG01068","pooled",15643791,0.242749526113046,0,0,0,0,0,0,0,0,0,0,"PUR"
"HG01068","ancestry_tuned",14359316,0.222817931683406,0,0,0,0,0,0,0,0,0,0,"PUR"
"HG01071","pooled",16125580,0.250225594505706,0,0,0,0,0,0,0,0,0,0,"PUR"
"HG01071","single_population",15713663,0.243833751470478,0,0,0,0,0,0,0,0,0,0,"PUR"
"HG01071","ancestry_tuned",15003085,0.23280749365571,0,0,0,0,0,0,0,0,0,0,"PUR"
"HG01074","pooled",15514373,0.240741307122489,0,0,0,0,1,1206065,0,0,0,0,"PUR"
"HG01074","single_population",14360246,0.222832362780017,0,0,0,0,1,1206065,0,0,0,0,"PUR"
"HG01074","ancestry_tuned",14567369,0.226046354203011,0,0,0,0,1,1206065,0,0,0,0,"PUR"
"HG01081","ancestry_tuned",12575975,0.195145279789248,0,0,0,0,0,0,0,0,0,0,"PUR"
"HG01081","pooled",13689040,0.212417052423069,0,0,0,0,0,0,0,0,0,0,"PUR"
"HG01081","single_population",12598446,0.19549396922145,0,0,0,0,0,0,0,0,0,0,"PUR"
"HG01084","ancestry_tuned",15904026,0.246787672808309,0,0,0,0,0,0,0,0,0,0,"PUR"
"HG01084","single_population",15602162,0.242103556090654,0,0,0,0,0,0,0,0,0,0,"PUR"
"HG01084","pooled",16747633,0.259878182613486,0,0,0,0,0,0,0,0,0,0,"PUR"
"HG01087","single_population",13981538,0.216955834032272,0,0,0,0,1,1101672,0,0,0,0,"PUR"
"HG01087","ancestry_tuned",15021624,0.233095169032133,0,0,0,0,2,2357111,0,0,0,0,"PUR"
"HG01087","pooled",15578590,0.241737782102141,0,0,0,0,2,2357111,0,0,0,0,"PUR"
"HG01096","pooled",17058285,0.264698665435461,1,2201659,2100000,2099343,1,1033529,0,0,0,0,"PUR"
"HG01096","single_population",15014272,0.232981085782364,1,2104027,2100000,2099343,0,0,0,0,0,0,"PUR"
"HG01096","ancestry_tuned",16554297,0.256878128318425,1,2104027,2100000,2099343,1,1033529,0,0,0,0,"PUR"
"HG01099","pooled",16925865,0.262643863485736,0,0,0,0,1,1255439,0,0,0,0,"PUR"
"HG01099","single_population",16080296,0.249522908721902,0,0,0,0,1,1255439,0,0,0,0,"PUR"
"HG01099","ancestry_tuned",15457884,0.239864749900484,0,0,0,0,1,1255439,0,0,0,0,"PUR"
"HG01100","pooled",16620842,0.257910727591529,0,0,0,0,1,1541863,0,0,0,0,"PUR"
"HG01100","ancestry_tuned",15857677,0.246068461091289,0,0,0,0,1,1541863,0,0,0,0,"PUR"
"HG01100","single_population",15694120,0.243530496716638,0,0,0,0,1,1498849,0,0,0,0,"PUR"
"HG01103","single_population",11026159,0.171096307288757,0,0,0,0,0,0,0,0,0,0,"PUR"
"HG01103","pooled",11810708,0.183270395907204,0,0,0,0,0,0,0,0,0,0,"PUR"
"HG01103","ancestry_tuned",11212044,0.17398074212054,0,0,0,0,0,0,0,0,0,0,"PUR"
"HG01106","single_population",14631621,0.227043372288449,0,0,0,0,2,2794554,0,0,0,0,"PUR"
"HG01106","ancestry_tuned",15034225,0.233290702632559,0,0,0,0,2,2801130,0,0,0,0,"PUR"
"HG01106","pooled",15573477,0.241658442105396,0,0,0,0,2,2801130,0,0,0,0,"PUR"
"HG01109","ancestry_tuned",7899496,0.122578913930255,0,0,0,0,0,0,0,0,0,0,"PUR"
"HG01109","single_population",7576108,0.117560802671249,0,0,0,0,0,0,0,0,0,0,"PUR"
"HG01109","pooled",7746298,0.120201693351083,0,0,0,0,0,0,0,0,0,0,"PUR"
"HG01114","pooled",19649275,0.304903855767117,0,0,0,0,3,4435909,1,2200954,0,0,"CLM"
"HG01114","ancestry_tuned",18216399,0.282669477285663,0,0,0,0,2,3250265,1,2200954,0,0,"CLM"
"HG01114","single_population",18862494,0.292695132516803,0,0,0,0,3,4435909,1,2200954,0,0,"CLM"
"HG01126","single_population",22685590,0.352019291365811,0,0,0,0,1,6742094,1,6742094,1,6742094,"CLM"
"HG01126","pooled",23244162,0.360686825232763,0,0,0,0,1,6742094,1,6742094,1,6742094,"CLM"
"HG01126","ancestry_tuned",22573043,0.350272864881627,0,0,0,0,1,6742094,1,6742094,1,6742094,"CLM"
"HG01135","single_population",16589787,0.257428837585875,0,0,0,0,0,0,0,0,0,0,"CLM"
"HG01135","pooled",17377846,0.269657391956048,0,0,0,0,0,0,0,0,0,0,"CLM"
"HG01135","ancestry_tuned",16449324,0.255249229926426,0,0,0,0,0,0,0,0,0,0,"CLM"
"HG01138","pooled",14875076,0.230821138552384,0,0,0,0,0,0,0,0,0,0,"CLM"
"HG01138","single_population",13757902,0.213485605299235,0,0,0,0,0,0,0,0,0,0,"CLM"
"HG01138","ancestry_tuned",13166527,0.204309057171924,0,0,0,0,0,0,0,0,0,0,"CLM"
"HG01141","single_population",10840598,0.168216900064827,0,0,0,0,0,0,0,0,0,0,"CLM"
"HG01141","ancestry_tuned",11552381,0.179261856235957,0,0,0,0,0,0,0,0,0,0,"CLM"
"HG01141","pooled",11970043,0.185742846206702,0,0,0,0,0,0,0,0,0,0,"CLM"
"HG01150","pooled",18111428,0.281040609928281,0,0,0,0,1,1061968,0,0,0,0,"CLM"
"HG01150","single_population",17412688,0.270198046007795,0,0,0,0,1,1061968,0,0,0,0,"CLM"
"HG01150","ancestry_tuned",17458088,0.270902531799348,0,0,0,0,1,1061968,0,0,0,0,"CLM"
"HG01169","pooled",13815630,0.214381388466081,0,0,0,0,0,0,0,0,0,0,"PUR"
"HG01169","ancestry_tuned",13327715,0.206810261043486,0,0,0,0,0,0,0,0,0,0,"PUR"
"HG01169","single_population",13097714,0.203241264643858,0,0,0,0,0,0,0,0,0,0,"PUR"
"HG01172","ancestry_tuned",14139629,0.219408980800388,0,0,0,0,0,0,0,0,0,0,"PUR"
"HG01172","pooled",15142607,0.234972499528157,0,0,0,0,0,0,0,0,0,0,"PUR"
"HG01172","single_population",14096939,0.218746546914013,0,0,0,0,0,0,0,0,0,0,"PUR"
"HG01175","pooled",13634831,0.211575874663722,0,0,0,0,1,1042093,0,0,0,0,"PUR"
"HG01175","single_population",12865093,0.199631612896789,0,0,0,0,1,1042093,0,0,0,0,"PUR"
"HG01175","ancestry_tuned",12875762,0.199797167057804,0,0,0,0,1,1042093,0,0,0,0,"PUR"
"HG01178","pooled",14122492,0.219143060690039,0,0,0,0,0,0,0,0,0,0,"PUR"
"HG01178","ancestry_tuned",13873414,0.215278040602185,0,0,0,0,0,0,0,0,0,0,"PUR"
"HG01178","single_population",13574337,0.21063717062244,0,0,0,0,0,0,0,0,0,0,"PUR"
"HG01184","pooled",14364133,0.222892678556928,0,0,0,0,1,1235367,0,0,0,0,"PUR"
"HG01184","single_population",13651258,0.211830777485261,0,0,0,0,1,1235367,0,0,0,0,"PUR"
"HG01184","ancestry_tuned",13924152,0.216065357784825,0,0,0,0,1,1235367,0,0,0,0,"PUR"
"HG01189","single_population",11363279,0.176327502223747,0,0,0,0,0,0,0,0,0,0,"PUR"
"HG01189","pooled",11688558,0.181374956712529,0,0,0,0,0,0,0,0,0,0,"PUR"
"HG01189","ancestry_tuned",11456929,0.177780698135178,0,0,0,0,0,0,0,0,0,0,"PUR"
"HG01192","ancestry_tuned",21492183,0.333500827157871,1,9928237,9500000,9500000,0,0,0,0,0,0,"PUR"
"HG01192","single_population",22173471,0.344072583015931,1,9928237,9500000,9500000,0,0,0,0,0,0,"PUR"
"HG01192","pooled",22963881,0.356337618577644,1,9928237,9500000,9500000,0,0,0,0,0,0,"PUR"
"HG01199","pooled",9197099,0.142714219581735,0,0,0,0,0,0,0,0,0,0,"PUR"
"HG01199","ancestry_tuned",8829346,0.137007682945145,0,0,0,0,0,0,0,0,0,0,"PUR"
"HG01199","single_population",8706949,0.135108410975349,0,0,0,0,0,0,0,0,0,0,"PUR"
"HG01206","pooled",16235974,0.25193861222537,0,0,0,0,1,1314393,0,0,0,0,"PUR"
"HG01206","single_population",15436838,0.239538172632443,0,0,0,0,1,1314393,0,0,0,0,"PUR"
"HG01206","ancestry_tuned",15173428,0.235450758483696,0,0,0,0,1,1314393,0,0,0,0,"PUR"
"HG01243","single_population",7183296,0.111465417808876,0,0,0,0,0,0,0,0,0,0,"PUR"
"HG01243","pooled",7482824,0.116113286094613,0,0,0,0,0,0,0,0,0,0,"PUR"
"HG01243","ancestry_tuned",7263677,0.112712714558014,0,0,0,0,0,0,0,0,0,0,"PUR"
"HG01249","pooled",16567155,0.257077649867055,0,0,0,0,0,0,0,0,0,0,"PUR"
"HG01249","single_population",15029574,0.233218531632196,0,0,0,0,0,0,0,0,0,0,"PUR"
"HG01249","ancestry_tuned",14829562,0.230114883787698,0,0,0,0,0,0,0,0,0,0,"PUR"
"HG01252","single_population",14904100,0.231271512905117,0,0,0,0,1,1259117,0,0,0,0,"CLM"
"HG01252","ancestry_tuned",14524470,0.225380677199226,0,0,0,0,1,1259117,0,0,0,0,"CLM"
"HG01252","pooled",15878234,0.246387450395627,0,0,0,0,1,1259117,0,0,0,0,"CLM"
"HG01255","single_population",16949600,0.263012166795484,0,0,0,0,2,2305955,0,0,0,0,"CLM"
"HG01255","pooled",17762854,0.275631679745352,0,0,0,0,2,2315314,0,0,0,0,"CLM"
"HG01255","ancestry_tuned",17179168,0.266574444200668,0,0,0,0,2,2305955,0,0,0,0,"CLM"
"HG01258","pooled",17062558,0.264764970893332,0,0,0,0,0,0,0,0,0,0,"CLM"
"HG01258","single_population",16079617,0.249512372469645,0,0,0,0,0,0,0,0,0,0,"CLM"
"HG01258","ancestry_tuned",16243520,0.252055705832927,0,0,0,0,0,0,0,0,0,0,"CLM"
"HG01261","ancestry_tuned",12591230,0.195381996325595,0,0,0,0,0,0,0,0,0,0,"CLM"
"HG01261","pooled",12804888,0.198697393357571,0,0,0,0,0,0,0,0,0,0,"CLM"
"HG01261","single_population",12187797,0.189121802133,0,0,0,0,0,0,0,0,0,0,"CLM"
"HG01273","pooled",16809070,0.260831519476386,0,0,0,0,0,0,0,0,0,0,"CLM"
"HG01273","single_population",15544793,0.241213343637447,0,0,0,0,0,0,0,0,0,0,"CLM"
"HG01273","ancestry_tuned",15743933,0.244303460389208,0,0,0,0,0,0,0,0,0,0,"CLM"
"HG01276","pooled",18367107,0.285008059767457,0,0,0,0,1,1037573,0,0,0,0,"CLM"
"HG01276","ancestry_tuned",17418182,0.270283298098958,0,0,0,0,1,1037573,0,0,0,0,"CLM"
"HG01276","single_population",17019488,0.264096640429847,0,0,0,0,1,1037573,0,0,0,0,"CLM"
"HG01279","pooled",18308849,0.284104052427274,0,0,0,0,2,2909792,0,0,0,0,"CLM"
"HG01279","ancestry_tuned",17580085,0.272795596845871,0,0,0,0,2,2900433,0,0,0,0,"CLM"
"HG01279","single_population",17467606,0.271050225538643,0,0,0,0,2,2900433,0,0,0,0,"CLM"
"HG01343","single_population",19739183,0.306298985911324,0,0,1400000,1400000,2,4306428,2,4306428,0,0,"CLM"
"HG01343","pooled",20811791,0.322942974807945,0,0,1400000,1400000,2,4306428,2,4306428,0,0,"CLM"
"HG01343","ancestry_tuned",19432904,0.301546360278037,0,0,1400000,1400000,2,4306428,2,4306428,0,0,"CLM"
"HG01346","ancestry_tuned",17422803,0.270355003580076,0,0,0,0,0,0,0,0,0,0,"CLM"
"HG01346","single_population",17375716,0.269624340089616,0,0,0,0,0,0,0,0,0,0,"CLM"
"HG01346","pooled",18607240,0.288734277533605,0,0,0,0,0,0,0,0,0,0,"CLM"
"HG01349","ancestry_tuned",21399604,0.332064250283505,1,3537489,3400000,3399857,1,1252351,0,0,0,0,"CLM"
"HG01349","pooled",23189690,0.359841566421364,1,3537489,3400000,3399857,1,1252351,0,0,0,0,"CLM"
"HG01349","single_population",21484774,0.333385859421536,1,3537489,3400000,3399857,1,1252351,0,0,0,0,"CLM"
"HG01352","pooled",19946136,0.309510339391927,0,0,0,0,2,3092991,0,0,0,0,"CLM"
"HG01352","ancestry_tuned",18160137,0.281796442492615,0,0,0,0,2,3092991,0,0,0,0,"CLM"
"HG01352","single_population",18316957,0.28422986676203,0,0,0,0,2,3092991,0,0,0,0,"CLM"
"HG01355","single_population",15324480,0.237794678919506,0,0,0,0,1,1227505,0,0,0,0,"CLM"
"HG01355","pooled",16580419,0.257283471442807,0,0,0,0,1,1227505,0,0,0,0,"CLM"
"HG01355","ancestry_tuned",15375126,0.238580568509792,0,0,0,0,1,1227505,0,0,0,0,"CLM"
"HG01358","pooled",15681103,0.243328507916007,0,0,0,0,1,2347665,1,2347665,0,0,"CLM"
"HG01358","single_population",14486536,0.224792043630574,0,0,0,0,1,2347071,1,2347071,0,0,"CLM"
"HG01358","ancestry_tuned",14815131,0.229890953513295,0,0,0,0,1,2347071,1,2347071,0,0,"CLM"
"HG01361","pooled",10985461,0.170464783880285,0,0,0,0,0,0,0,0,0,0,"CLM"
"HG01361","single_population",10009337,0.155317966946489,0,0,0,0,0,0,0,0,0,0,"CLM"
"HG01361","ancestry_tuned",10450852,0.162169091269346,0,0,0,0,0,0,0,0,0,0,"CLM"
"HG01367","ancestry_tuned",10393025,0.16127177188899,0,0,0,0,0,0,0,0,0,0,"CLM"
"HG01367","pooled",10936113,0.169699035756021,0,0,0,0,0,0,0,0,0,0,"CLM"
"HG01367","single_population",10244641,0.158969251631416,0,0,0,0,0,0,0,0,0,0,"CLM"
"HG01376","ancestry_tuned",16309382,0.253077706784541,0,0,0,0,2,2062937,0,0,0,0,"CLM"
"HG01376","single_population",16499235,0.256023714295198,0,0,0,0,2,2051013,0,0,0,0,"CLM"
"HG01376","pooled",17496715,0.271501918862571,0,0,0,0,2,2062937,0,0,0,0,"CLM"
"HG01379","single_population",14394293,0.223360680571758,0,0,0,0,0,0,0,0,0,0,"CLM"
"HG01379","ancestry_tuned",14350567,0.222682170754104,0,0,0,0,0,0,0,0,0,0,"CLM"
"HG01379","pooled",15612721,0.242267403347769,0,0,0,0,0,0,0,0,0,0,"CLM"
"HG01385","pooled",17059031,0.264710241347367,0,0,0,0,2,2456280,0,0,0,0,"CLM"
"HG01385","ancestry_tuned",16353143,0.253756759707981,0,0,0,0,2,2456280,0,0,0,0,"CLM"
"HG01385","single_population",16120093,0.2501404510357,0,0,0,0,2,2444356,0,0,0,0,"CLM"
"HG01391","single_population",13776495,0.2137741186103,0,0,0,0,2,2326761,0,0,0,0,"CLM"
"HG01391","pooled",14579071,0.22622793774338,0,0,0,0,3,3355966,0,0,0,0,"CLM"
"HG01391","ancestry_tuned",14027217,0.217664649152809,0,0,0,0,2,2333337,0,0,0,0,"CLM"
"HG01433","single_population",16817239,0.260958280366942,0,0,0,0,0,0,0,0,0,0,"CLM"
"HG01433","pooled",17668126,0.274161756175699,0,0,0,0,0,0,0,0,0,0,"CLM"
"HG01433","ancestry_tuned",16971730,0.263355564825595,0,0,0,0,0,0,0,0,0,0,"CLM"
"HG01439","single_population",16222207,0.251724985443601,0,0,0,0,1,1273613,0,0,0,0,"CLM"
"HG01439","pooled",17426653,0.270414745216584,0,0,0,0,1,1273613,0,0,0,0,"CLM"
"HG01439","ancestry_tuned",16118467,0.250115219892593,0,0,0,0,1,1273613,0,0,0,0,"CLM"
"HG01457","single_population",18531457,0.287558329367497,0,0,0,0,0,0,0,0,0,0,"CLM"
"HG01457","pooled",19364332,0.300482307421244,0,0,0,0,0,0,0,0,0,0,"CLM"
"HG01457","ancestry_tuned",18544278,0.287757276775724,0,0,0,0,0,0,0,0,0,0,"CLM"
"HG01463","single_population",13645124,0.21173559431686,0,0,0,0,2,2698305,0,0,0,0,"CLM"
"HG01463","pooled",14498320,0.224974899590214,0,0,0,0,2,2698305,0,0,0,0,"CLM"
"HG01463","ancestry_tuned",14019843,0.21755022452226,0,0,0,0,3,3761575,0,0,0,0,"CLM"
"HG01466","single_population",15758092,0.244523169955785,0,0,0,0,1,1498849,0,0,0,0,"CLM"
"HG01466","pooled",16526968,0.256454055803064,0,0,0,0,1,1541863,0,0,0,0,"CLM"
"HG01466","ancestry_tuned",15595595,0.24200165392781,0,0,0,0,1,1541863,0,0,0,0,"CLM"
"HG01490","single_population",11407798,0.17701831726679,0,0,0,0,1,1046841,0,0,0,0,"CLM"
"HG01490","pooled",11132112,0.172740412642777,0,0,0,0,0,0,0,0,0,0,"CLM"
"HG01490","ancestry_tuned",10950971,0.169929591921019,0,0,0,0,0,0,0,0,0,0,"CLM"
"HG01493","single_population",17154642,0.266193866700147,0,0,0,0,0,0,0,0,0,0,"CLM"
"HG01493","pooled",18229650,0.28287509713641,0,0,0,0,0,0,0,0,0,0,"CLM"
"HG01493","ancestry_tuned",16737959,0.259728068174114,0,0,0,0,0,0,0,0,0,0,"CLM"
"HG01496","single_population",13330481,0.206853181917923,0,0,0,0,1,2090729,1,2090729,0,0,"CLM"
"HG01496","pooled",14259380,0.22126719397273,0,0,0,0,1,2090729,1,2090729,0,0,"CLM"
"HG01496","ancestry_tuned",13412836,0.208131109833416,0,0,0,0,1,2090729,1,2090729,0,0,"CLM"
"HG01499","single_population",19977823,0.310002036336353,0,0,1100000,1031516,2,3165394,1,2104744,0,0,"CLM"
"HG01499","ancestry_tuned",19847219,0.30797541381829,0,0,1100000,1031516,2,3177318,1,2104744,0,0,"CLM"
"HG01499","pooled",20938473,0.32490873844331,0,0,1100000,1031516,2,3177318,1,2104744,0,0,"CLM"
"HG01552","single_population",11355493,0.176206684462226,0,0,0,0,1,1046841,0,0,0,0,"CLM"
"HG01552","ancestry_tuned",10759562,0.166959439478828,0,0,0,0,0,0,0,0,0,0,"CLM"
"HG01552","pooled",11161705,0.173199616343866,0,0,0,0,0,0,0,0,0,0,"CLM"
"HG01567","ancestry_tuned",16482542,0.255764683869682,0,0,0,0,2,2376164,0,0,0,0,"PEL"
"HG01567","pooled",17788518,0.276029915942586,0,0,0,0,2,2382640,0,0,0,0,"PEL"
"HG01567","single_population",16591824,0.257460446342646,0,0,0,0,2,2382640,0,0,0,0,"PEL"
"HG01573","ancestry_tuned",17436196,0.270562826888584,0,0,0,0,1,1756567,0,0,0,0,"PEL"
"HG01573","pooled",19615423,0.304378563850472,0,0,0,0,1,1756567,0,0,0,0,"PEL"
"HG01573","single_population",17788319,0.276026827998258,0,0,0,0,1,1756567,0,0,0,0,"PEL"
"HG01579","pooled",28938391,0.449045931496019,0,0,1e+06,1e+06,4,5809213,0,0,0,0,"PEL"
"HG01579","single_population",28156759,0.436917106865545,0,0,1e+06,1e+06,4,5782744,0,0,0,0,"PEL"
"HG01579","ancestry_tuned",28067236,0.435527950884989,0,0,1e+06,1e+06,4,5782744,0,0,0,0,"PEL"
"HG01881","pooled",13622904,0.211390799729012,0,0,0,0,1,1220205,0,0,0,0,"ACB"
"HG01881","single_population",11622346,0.18034752470305,0,0,0,0,1,1219332,0,0,0,0,"ACB"
"HG01881","ancestry_tuned",12258311,0.190215989602286,0,0,0,0,1,1219332,0,0,0,0,"ACB"
"HG01884","pooled",9627563,0.149393862131851,0,0,0,0,0,0,0,0,0,0,"ACB"
"HG01884","single_population",7818701,0.121325193015529,0,0,0,0,0,0,0,0,0,0,"ACB"
"HG01884","ancestry_tuned",7817869,0.12131228261512,0,0,0,0,0,0,0,0,0,0,"ACB"
"HG01887","pooled",8327264,0.129216721817508,0,0,0,0,0,0,0,0,0,0,"ACB"
"HG01887","single_population",7733080,0.119996585571507,0,0,0,0,0,0,0,0,0,0,"ACB"
"HG01887","ancestry_tuned",7491282,0.116244531487233,0,0,0,0,0,0,0,0,0,0,"ACB"
"HG01888","pooled",8057259,0.125026971021287,0,0,0,0,0,0,0,0,0,0,"ACB"
"HG01888","single_population",7514769,0.116608986504551,0,0,0,0,0,0,0,0,0,0,"ACB"
"HG01888","ancestry_tuned",7338186,0.113868893673496,0,0,0,0,0,0,0,0,0,0,"ACB"
"HG01891","pooled",9583922,0.148716671285393,0,0,0,0,1,1045102,0,0,0,0,"ACB"
"HG01891","single_population",7352834,0.114096191203775,0,0,0,0,1,1041132,0,0,0,0,"ACB"
"HG01891","ancestry_tuned",7338080,0.113867248838828,0,0,0,0,1,1041132,0,0,0,0,"ACB"
"HG01895","pooled",8035000,0.12468157125842,0,0,0,0,0,0,0,0,0,0,"ACB"
"HG01895","single_population",7018599,0.108909763702896,0,0,0,0,0,0,0,0,0,0,"ACB"
"HG01895","ancestry_tuned",7046395,0.109341082801179,0,0,0,0,0,0,0,0,0,0,"ACB"
"HG01897","pooled",9968798,0.154688910790018,0,0,0,0,0,0,0,0,0,0,"ACB"
"HG01897","single_population",8515028,0.132130313671368,0,0,0,0,0,0,0,0,0,0,"ACB"
"HG01897","ancestry_tuned",8472304,0.131467352196515,0,0,0,0,0,0,0,0,0,0,"ACB"
"HG01898","pooled",16908412,0.262373039906001,0,0,0,0,3,4163875,0,0,0,0,"PEL"
"HG01898","single_population",16020314,0.248592149542409,0,0,0,0,3,4154516,0,0,0,0,"PEL"
"HG01898","ancestry_tuned",16121679,0.25016506148648,0,0,0,0,3,4138530,0,0,0,0,"PEL"
"HG01916","pooled",8365678,0.129812803694088,0,0,0,0,0,0,0,0,0,0,"ACB"
"HG01916","single_population",8301730,0.128820502870337,0,0,0,0,0,0,0,0,0,0,"ACB"
"HG01916","ancestry_tuned",8009814,0.124290752334498,0,0,0,0,0,0,0,0,0,0,"ACB"
"HG01919","single_population",25271842,0.392150960691291,0,0,0,0,2,2231516,0,0,0,0,"PEL"
"HG01919","ancestry_tuned",25489209,0.395523911419322,0,0,0,0,2,2231516,0,0,0,0,"PEL"
"HG01919","pooled",27510857,0.426894446474884,0,0,0,0,2,2231516,0,0,0,0,"PEL"
"HG01922","single_population",26044484,0.404140284721191,0,0,0,0,3,3848846,0,0,0,0,"PEL"
"HG01922","ancestry_tuned",25819330,0.400646500714331,0,0,0,0,3,3848846,0,0,0,0,"PEL"
"HG01922","pooled",27127744,0.420949563984588,0,0,0,0,3,3849719,0,0,0,0,"PEL"
"HG01925","ancestry_tuned",20386936,0.316350368839433,0,0,0,0,1,2361331,1,2361331,0,0,"PEL"
"HG01925","pooled",22108897,0.343070568357257,0,0,0,0,1,2361331,1,2361331,0,0,"PEL"
"HG01925","single_population",20529437,0.318561600772961,0,0,0,0,1,2361331,1,2361331,0,0,"PEL"
"HG01928","ancestry_tuned",22423898,0.347958535952525,0,0,0,0,3,3719567,0,0,0,0,"PEL"
"HG01928","pooled",23626729,0.36662323527279,0,0,0,0,3,3729799,0,0,0,0,"PEL"
"HG01928","single_population",22486163,0.348924721146601,0,0,0,0,3,3719567,0,0,0,0,"PEL"
"HG01934","pooled",20363511,0.315986875895223,0,0,0,0,0,0,0,0,0,0,"PEL"
"HG01934","ancestry_tuned",18883685,0.29302395979453,0,0,0,0,0,0,0,0,0,0,"PEL"
"HG01934","single_population",19052643,0.295645733150682,0,0,0,0,0,0,0,0,0,0,"PEL"
"HG01937","pooled",17854261,0.277050070334527,0,0,0,0,1,1033529,0,0,0,0,"PEL"
"HG01937","ancestry_tuned",16013218,0.248482038723536,0,0,0,0,0,0,0,0,0,0,"PEL"
"HG01937","single_population",16366251,0.253960160583657,0,0,0,0,0,0,0,0,0,0,"PEL"
"HG01940","pooled",23227664,0.360430820682344,0,0,0,0,0,0,0,0,0,0,"PEL"
"HG01940","ancestry_tuned",21652903,0.335994768929203,0,0,0,0,0,0,0,0,0,0,"PEL"
"HG01940","single_population",21872936,0.339409088800853,0,0,0,0,0,0,0,0,0,0,"PEL"
"HG01943","pooled",23209591,0.360150376371534,0,0,0,0,2,4814655,1,3223963,0,0,"PEL"
"HG01943","ancestry_tuned",21802394,0.338314466846937,0,0,0,0,2,4808179,1,3217487,0,0,"PEL"
"HG01943","single_population",21619083,0.335469973566421,0,0,0,0,2,4476314,1,3223963,0,0,"PEL"
"HG01946","pooled",20528905,0.318553345565007,0,0,0,0,2,2893944,0,0,0,0,"PEL"
"HG01946","ancestry_tuned",18769404,0.291250626297955,0,0,0,0,2,2893944,0,0,0,0,"PEL"
"HG01946","single_population",19250547,0.298716670509528,0,0,0,0,2,2899525,0,0,0,0,"PEL"
"HG01949","pooled",19368326,0.300544283550131,0,0,0,0,0,0,0,0,0,0,"PEL"
"HG01949","ancestry_tuned",18440338,0.28614440776308,0,0,0,0,0,0,0,0,0,0,"PEL"
"HG01949","single_population",18352688,0.284784315700752,0,0,0,0,0,0,0,0,0,0,"PEL"
"HG01952","pooled",25457332,0.395029266186341,0,0,0,0,2,2513329,0,0,0,0,"PEL"
"HG01952","ancestry_tuned",23537298,0.365235506884587,0,0,0,0,2,2509267,0,0,0,0,"PEL"
"HG01952","single_population",23790147,0.369159042741603,0,0,0,0,2,2509267,0,0,0,0,"PEL"
"HG01955","pooled",25845393,0.401050928317531,0,0,0,0,3,4667338,1,2164806,0,0,"PEL"
"HG01955","ancestry_tuned",24022525,0.372764923782784,0,0,0,0,3,4663276,1,2160744,0,0,"PEL"
"HG01955","single_population",24587971,0.381539123626193,0,0,0,0,3,4663276,1,2160744,0,0,"PEL"
"HG01959","pooled",8928192,0.138541506789901,0,0,0,0,0,0,0,0,0,0,"ACB"
"HG01959","ancestry_tuned",7371270,0.114382268297455,0,0,0,0,0,0,0,0,0,0,"ACB"
"HG01959","single_population",7425317,0.115220932252876,0,0,0,0,0,0,0,0,0,0,"ACB"
"HG01960","single_population",6272750,0.0973361949111702,0,0,0,0,0,0,0,0,0,0,"ACB"
"HG01960","pooled",5752982,0.0892707946709902,0,0,0,0,0,0,0,0,0,0,"ACB"
"HG01960","ancestry_tuned",5796927,0.0899527027791359,0,0,0,0,0,0,0,0,0,0,"ACB"
"HG01969","ancestry_tuned",21754220,0.337566936042482,0,0,0,0,1,1023968,0,0,0,0,"PEL"
"HG01969","pooled",23270857,0.361101059774735,0,0,0,0,2,2070549,0,0,0,0,"PEL"
"HG01969","single_population",22065279,0.342393734408888,0,0,0,0,1,1030444,0,0,0,0,"PEL"
"HG01972","ancestry_tuned",19252333,0.298744384421945,0,0,0,0,1,2411609,1,2411609,0,0,"PEL"
"HG01972","single_population",19315162,0.299719321377837,0,0,0,0,1,2411609,1,2411609,0,0,"PEL"
"HG01972","pooled",20046509,0.311067858166279,0,0,0,0,1,2416532,1,2416532,0,0,"PEL"
"HG01975","single_population",23351471,0.36235197205668,0,0,0,0,2,2609494,0,0,0,0,"PEL"
"HG01975","ancestry_tuned",23341469,0.362196767940223,0,0,0,0,2,2609494,0,0,0,0,"PEL"
"HG01975","pooled",24450806,0.379410692049135,0,0,0,0,2,2611814,0,0,0,0,"PEL"
"HG01978","pooled",23693694,0.367662351815332,0,0,0,0,2,3847296,1,2090729,0,0,"PEL"
"HG01978","single_population",22599050,0.350676423515568,0,0,0,0,2,3847296,1,2090729,0,0,"PEL"
"HG01978","ancestry_tuned",22528343,0.349579241205802,0,0,0,0,2,3847296,1,2090729,0,0,"PEL"
"HG01981","pooled",23812389,0.369504178710231,0,0,0,0,4,4790186,0,0,0,0,"PEL"
"HG01981","single_population",22022365,0.34172782464548,0,0,0,0,4,4776130,0,0,0,0,"PEL"
"HG01981","ancestry_tuned",21661826,0.336133229870129,0,0,0,0,4,4788054,0,0,0,0,"PEL"
"HG01984","pooled",19081397,0.296091917830205,0,0,0,0,0,0,0,0,0,0,"PEL"
"HG01984","ancestry_tuned",17559651,0.272478516170439,0,0,0,0,0,0,0,0,0,0,"PEL"
"HG01984","single_population",18019228,0.279609914113716,0,0,0,0,0,0,0,0,0,0,"PEL"
"HG01987","single_population",11306502,0.175446476016984,0,0,1700000,1700000,2,4240213,1,3077129,0,0,"ACB"
"HG01987","pooled",12707275,0.197182702353806,0,0,1700000,1700000,2,4240213,1,3077129,0,0,"ACB"
"HG01987","ancestry_tuned",11243820,0.174473820105395,0,0,1700000,1700000,2,4240213,1,3077129,0,0,"ACB"
"HG01993","single_population",25723245,0.399155520157472,0,0,0,0,0,0,0,0,0,0,"PEL"
"HG01993","ancestry_tuned",25321408,0.392920091588739,0,0,0,0,0,0,0,0,0,0,"PEL"
"HG01993","pooled",26852956,0.416685593903324,0,0,0,0,0,0,0,0,0,0,"PEL"
"HG01998","ancestry_tuned",15874908,0.246335839828607,0,0,0,0,0,0,0,0,0,0,"PEL"
"HG01998","single_population",15733234,0.244137440708947,0,0,0,0,0,0,0,0,0,0,"PEL"
"HG01998","pooled",17089306,0.265180027852637,0,0,0,0,0,0,0,0,0,0,"PEL"
"HG02004","pooled",27414896,0.42540539006424,0,0,0,0,2,2515126,0,0,0,0,"PEL"
"HG02004","ancestry_tuned",26093527,0.404901300066459,0,0,0,0,2,2515126,0,0,0,0,"PEL"
"HG02004","single_population",26504813,0.411283351680223,0,0,0,0,2,2515126,0,0,0,0,"PEL"
"HG02011","single_population",9696536,0.150464137429226,0,0,0,0,0,0,0,0,0,0,"ACB"
"HG02011","pooled",10272889,0.159407584552998,0,0,0,0,0,0,0,0,0,0,"ACB"
"HG02011","ancestry_tuned",9882625,0.153351737791878,0,0,0,0,0,0,0,0,0,0,"ACB"
"HG02055","single_population",9923674,0.153988707775523,0,0,0,0,1,1757514,0,0,0,0,"ACB"
"HG02055","pooled",11242378,0.174451444146993,0,0,0,0,1,1757514,0,0,0,0,"ACB"
"HG02055","ancestry_tuned",9971450,0.154730062691322,0,0,0,0,1,1757514,0,0,0,0,"ACB"
"HG02091","pooled",19864329,0.308240914961318,0,0,0,0,2,4220152,1,2351415,0,0,"PEL"
"HG02091","single_population",18483277,0.286810705459192,0,0,0,0,2,4221626,1,2352889,0,0,"PEL"
"HG02091","ancestry_tuned",18372149,0.285086298035321,0,0,0,0,2,4221626,1,2352889,0,0,"PEL"
"HG02106","single_population",27066784,0.420003628877692,0,0,0,0,3,4620643,0,0,0,0,"PEL"
"HG02106","ancestry_tuned",27076665,0.420156955399858,0,0,0,0,3,4620643,0,0,0,0,"PEL"
"HG02106","pooled",28106757,0.436141210421728,0,0,0,0,3,4670233,0,0,0,0,"PEL"
"HG02145","pooled",15923904,0.24709612586039,0,0,0,0,2,5154966,1,4044430,0,0,"ACB"
"HG02145","single_population",10820291,0.167901790087534,0,0,0,0,1,1110536,0,0,0,0,"ACB"
"HG02145","ancestry_tuned",10604273,0.164549772208243,0,0,0,0,1,1110536,0,0,0,0,"ACB"
"HG02148","pooled",20301729,0.315028185560999,0,0,0,0,2,3168077,1,2134548,0,0,"PEL"
"HG02148","ancestry_tuned",19097225,0.296337525784141,0,0,0,0,1,2125845,1,2125845,0,0,"PEL"
"HG02148","single_population",18981579,0.294543011161895,0,0,0,0,1,2134548,1,2134548,0,0,"PEL"
"HG02257","ancestry_tuned",7018387,0.108906474033561,0,0,0,0,0,0,0,0,0,0,"ACB"
"HG02257","pooled",6574374,0.10201658747486,0,0,0,0,0,0,0,0,0,0,"ACB"
"HG02257","single_population",7355346,0.114135170681933,0,0,0,0,0,0,0,0,0,0,"ACB"
"HG02258","pooled",9246361,0.143478633217495,0,0,0,0,0,0,0,0,0,0,"ACB"
"HG02258","single_population",8114555,0.125916050710998,0,0,0,0,0,0,0,0,0,0,"ACB"
"HG02258","ancestry_tuned",8085535,0.125465738427498,0,0,0,0,0,0,0,0,0,0,"ACB"
"HG02261","pooled",27261585,0.423026416029243,0,0,0,0,3,3654921,0,0,0,0,"PEL"
"HG02261","ancestry_tuned",25700315,0.398799708280813,0,0,0,0,3,3510115,0,0,0,0,"PEL"
"HG02261","single_population",25493888,0.395596516904315,0,0,0,0,3,3644689,0,0,0,0,"PEL"
"HG02273","pooled",28483880,0.441993144236002,0,0,0,0,3,3785690,0,0,0,0,"PEL"
"HG02273","single_population",27546509,0.42744766954626,0,0,0,0,3,3779114,0,0,0,0,"PEL"
"HG02273","ancestry_tuned",27294920,0.423543685497556,0,0,0,0,3,3779114,0,0,0,0,"PEL"
"HG02279","single_population",27024581,0.419348751920403,0,0,0,0,3,5685027,1,2952887,0,0,"PEL"
"HG02279","pooled",28017203,0.434751573404619,0,0,0,0,3,5659744,1,2952887,0,0,"PEL"
"HG02279","ancestry_tuned",26574424,0.412363527020219,0,0,0,0,3,5685027,1,2952887,0,0,"PEL"
"HG02280","ancestry_tuned",7629124,0.118383468281932,0,0,0,0,0,0,0,0,0,0,"ACB"
"HG02280","single_population",7729038,0.119933864611827,0,0,0,0,0,0,0,0,0,0,"ACB"
"HG02280","pooled",7696652,0.119431321068981,0,0,0,0,0,0,0,0,0,0,"ACB"
"HG02287","pooled",25661974,0.39820475916773,0,0,0,0,3,3886075,0,0,0,0,"PEL"
"HG02287","ancestry_tuned",23779602,0.368995412726803,0,0,0,0,3,3879499,0,0,0,0,"PEL"
"HG02287","single_population",24329626,0.377530304643398,0,0,0,0,3,3879499,0,0,0,0,"PEL"
"HG02293","pooled",27685214,0.429599997777921,0,0,0,0,2,3786759,1,2631617,0,0,"PEL"
"HG02293","single_population",26628933,0.41320935997202,0,0,0,0,2,3782697,1,2631617,0,0,"PEL"
"HG02293","ancestry_tuned",26507197,0.411320344942933,0,0,0,0,3,5076069,1,2631617,0,0,"PEL"
"HG02300","single_population",18698539,0.290150992253496,0,0,0,0,1,1264923,0,0,0,0,"PEL"
"HG02300","pooled",19724766,0.306075272879235,0,0,0,0,1,1268579,0,0,0,0,"PEL"
"HG02300","ancestry_tuned",18484163,0.286824453794243,0,0,0,0,1,1264923,0,0,0,0,"PEL"
"HG02303","pooled",25220305,0.391351245179412,0,0,0,0,2,2228814,0,0,0,0,"PEL"
"HG02303","single_population",23725330,0.368153257377041,0,0,0,0,2,2205405,0,0,0,0,"PEL"
"HG02303","ancestry_tuned",23219826,0.360309196020797,0,0,0,0,2,2205405,0,0,0,0,"PEL"
"HG02316","single_population",9812897,0.152269746926824,0,0,0,0,0,0,0,0,0,0,"ACB"
"HG02316","ancestry_tuned",9875935,0.153247927000127,0,0,0,0,0,0,0,0,0,0,"ACB"
"HG02316","pooled",11050893,0.17148011238938,0,0,0,0,0,0,0,0,0,0,"ACB"
"HG02321","single_population",8744823,0.135696113505509,0,0,0,0,0,0,0,0,0,0,"ACB"
"HG02321","pooled",9598198,0.148938196377028,0,0,0,0,0,0,0,0,0,0,"ACB"
"HG02321","ancestry_tuned",8529227,0.132350643930272,0,0,0,0,0,0,0,0,0,0,"ACB"
"HG02451","pooled",10184436,0.158035032092199,0,0,0,0,0,0,0,0,0,0,"ACB"
"HG02451","single_population",8780269,0.136246140011399,0,0,0,0,0,0,0,0,0,0,"ACB"
"HG02451","ancestry_tuned",8757305,0.135889800546262,0,0,0,0,0,0,0,0,0,0,"ACB"
"HG02924","ancestry_tuned",7207965,0.111848214284467,0,0,0,0,0,0,0,0,0,0,"ESN"
"HG02924","pooled",8699863,0.134998455329557,0,0,0,0,0,0,0,0,0,0,"ESN"
"HG02924","single_population",7208605,0.111858145361705,0,0,0,0,0,0,0,0,0,0,"ESN"
"HG02945","pooled",15715844,0.243867594719628,0,0,0,0,1,7910087,1,7910087,1,7910087,"ESN"
"HG02945","single_population",14058761,0.218154127122165,0,0,0,0,1,7910087,1,7910087,1,7910087,"ESN"
"HG02945","ancestry_tuned",13802809,0.214182441057854,0,0,0,0,1,7910087,1,7910087,1,7910087,"ESN"
"HG02948","pooled",10000271,0.155177287030493,0,0,0,0,0,0,0,0,0,0,"ESN"
"HG02948","ancestry_tuned",8221819,0.127580499256046,0,0,0,0,0,0,0,0,0,0,"ESN"
"HG02948","single_population",8234851,0.1277827208163,0,0,0,0,0,0,0,0,0,0,"ESN"
"HG02954","pooled",10123495,0.157089391814158,0,0,0,0,0,0,0,0,0,0,"ESN"
"HG02954","ancestry_tuned",8978361,0.139319994624184,0,0,0,0,0,0,0,0,0,0,"ESN"
"HG02954","single_population",9026147,0.140061504713064,0,0,0,0,0,0,0,0,0,0,"ESN"
"HG02966","single_population",7960339,0.123523033512094,0,0,0,0,0,0,0,0,0,0,"ESN"
"HG02966","pooled",10250530,0.159060633059312,0,0,0,0,1,1264067,0,0,0,0,"ESN"
"HG02966","ancestry_tuned",8102721,0.125732418885948,0,0,0,0,0,0,0,0,0,0,"ESN"
"HG02972","ancestry_tuned",8843282,0.137223932151998,0,0,0,0,0,0,0,0,0,0,"ESN"
"HG02972","single_population",8971520,0.139213840718897,0,0,0,0,0,0,0,0,0,0,"ESN"
"HG02972","pooled",9972720,0.154749769672715,0,0,0,0,0,0,0,0,0,0,"ESN"
"HG02975","ancestry_tuned",7652587,0.118747550883853,0,0,0,0,1,1013292,0,0,0,0,"ESN"
"HG02975","pooled",9551569,0.148214639813717,0,0,0,0,1,1013292,0,0,0,0,"ESN"
"HG02975","single_population",7772641,0.120610465800574,0,0,0,0,1,1013292,0,0,0,0,"ESN"
"HG02978","pooled",8404523,0.130415573530495,0,0,0,0,0,0,0,0,0,0,"ESN"
"HG02978","ancestry_tuned",7180034,0.11141480034958,0,0,0,0,0,0,0,0,0,0,"ESN"
"HG02978","single_population",7309647,0.113426045215233,0,0,0,0,0,0,0,0,0,0,"ESN"
"HG02980","single_population",8392015,0.13022148303973,0,0,0,0,0,0,0,0,0,0,"ESN"
"HG02980","pooled",9405357,0.145945823149518,0,0,0,0,0,0,0,0,0,0,"ESN"
"HG02980","ancestry_tuned",8440930,0.13098051216955,0,0,0,0,0,0,0,0,0,0,"ESN"
"HG03101","pooled",9768590,0.151582221553116,0,0,0,0,0,0,0,0,0,0,"ESN"
"HG03101","single_population",8181066,0.126948122395623,0,0,0,0,0,0,0,0,0,0,"ESN"
"HG03101","ancestry_tuned",7866371,0.12206490309666,0,0,0,0,0,0,0,0,0,0,"ESN"
"HG03110","pooled",9678635,0.150186362095424,0,0,0,0,0,0,0,0,0,0,"ESN"
"HG03110","single_population",7538213,0.116972774277616,0,0,0,0,0,0,0,0,0,0,"ESN"
"HG03110","ancestry_tuned",7403507,0.114882499761383,0,0,0,0,0,0,0,0,0,0,"ESN"
"HG03113","ancestry_tuned",9488722,0.147239423546277,0,0,0,0,1,1033250,0,0,0,0,"ESN"
"HG03113","pooled",11031722,0.171182630074185,0,0,0,0,1,1073119,0,0,0,0,"ESN"
"HG03113","single_population",9507901,0.147537029999938,0,0,0,0,1,1033250,0,0,0,0,"ESN"
"HG03116","ancestry_tuned",13979767,0.216928352879478,0,0,0,0,1,6883716,1,6883716,1,6883716,"ESN"
"HG03116","single_population",13978164,0.216903478634459,0,0,0,0,1,6883716,1,6883716,1,6883716,"ESN"
"HG03116","pooled",15659579,0.242994513374655,0,0,0,0,1,6883716,1,6883716,1,6883716,"ESN"
"HG03119","single_population",8821130,0.136880192741106,0,0,0,0,0,0,0,0,0,0,"ESN"
"HG03119","ancestry_tuned",8810055,0.136708338552968,0,0,0,0,0,0,0,0,0,0,"ESN"
"HG03119","pooled",9824343,0.152447358036298,0,0,0,0,0,0,0,0,0,0,"ESN"
"HG03122","pooled",10557618,0.163825812194919,0,0,0,0,1,1054482,0,0,0,0,"ESN"
"HG03122","single_population",8217148,0.127508017909518,0,0,0,0,0,0,0,0,0,0,"ESN"
"HG03122","ancestry_tuned",8156374,0.126564969021944,0,0,0,0,0,0,0,0,0,0,"ESN"
"HG03125","pooled",10228020,0.15871133845209,0,0,0,0,1,1297047,0,0,0,0,"ESN"
"HG03125","single_population",8796937,0.13650478250421,0,0,0,0,1,1297047,0,0,0,0,"ESN"
"HG03125","ancestry_tuned",8732579,0.135506119584104,0,0,0,0,1,1297047,0,0,0,0,"ESN"
"HG03128","pooled",10144282,0.157411950099378,0,0,0,0,0,0,0,0,0,0,"ESN"
"HG03128","ancestry_tuned",8675952,0.134627420973569,0,0,0,0,0,0,0,0,0,0,"ESN"
"HG03128","single_population",8816748,0.136812195896643,0,0,0,0,0,0,0,0,0,0,"ESN"
"HG03131","single_population",9310856,0.144479422008822,0,0,0,0,0,0,0,0,0,0,"ESN"
"HG03131","pooled",10454057,0.162218824242076,0,0,0,0,0,0,0,0,0,0,"ESN"
"HG03131","ancestry_tuned",9284819,0.144075397855635,0,0,0,0,0,0,0,0,0,0,"ESN"
"HG03134","single_population",9988157,0.154989310359152,0,0,0,0,0,0,0,0,0,0,"ESN"
"HG03134","ancestry_tuned",9846131,0.152785449147011,0,0,0,0,0,0,0,0,0,0,"ESN"
"HG03134","pooled",11482257,0.178173720516862,0,0,0,0,0,0,0,0,0,0,"ESN"
"HG03137","ancestry_tuned",8865717,0.137572062961106,0,0,0,0,0,0,0,0,0,0,"ESN"
"HG03137","single_population",8774254,0.136152803402673,0,0,0,0,0,0,0,0,0,0,"ESN"
"HG03137","pooled",10628904,0.164931979026123,0,0,0,0,0,0,0,0,0,0,"ESN"
"HG03161","pooled",10218087,0.158557205029898,0,0,0,0,1,1210220,0,0,0,0,"ESN"
"HG03161","ancestry_tuned",8268877,0.128310712744568,0,0,0,0,0,0,0,0,0,0,"ESN"
"HG03161","single_population",8299046,0.128778854415172,0,0,0,0,0,0,0,0,0,0,"ESN"
"HG03164","single_population",8633092,0.133962349144803,0,0,0,0,1,1107687,0,0,0,0,"ESN"
"HG03164","pooled",11081579,0.171956276508315,0,0,0,0,1,1142153,0,0,0,0,"ESN"
"HG03164","ancestry_tuned",8688929,0.134828789081873,0,0,0,0,1,1107687,0,0,0,0,"ESN"
"HG03170","single_population",10771167,0.167139517840304,0,0,0,0,1,1070536,0,0,0,0,"ESN"
"HG03170","pooled",12851688,0.199423603380582,0,0,0,0,1,1070536,0,0,0,0,"ESN"
"HG03170","ancestry_tuned",10982674,0.170421537142376,0,0,0,0,1,1070536,0,0,0,0,"ESN"
"HG03191","pooled",9301807,0.144339005887065,0,0,0,0,0,0,0,0,0,0,"ESN"
"HG03191","single_population",7974687,0.123745675849918,0,0,0,0,0,0,0,0,0,0,"ESN"
"HG03191","ancestry_tuned",7914966,0.122818966687862,0,0,0,0,0,0,0,0,0,0,"ESN"
"HG03197","single_population",6514203,0.101082895524121,0,0,0,0,0,0,0,0,0,0,"ESN"
"HG03197","ancestry_tuned",6485584,0.100638805681203,0,0,0,0,0,0,0,0,0,0,"ESN"
"HG03197","pooled",8445293,0.131048214185157,0,0,0,0,0,0,0,0,0,0,"ESN"
"HG03200","pooled",9534700,0.147952878341961,0,0,0,0,0,0,0,0,0,0,"ESN"
"HG03200","single_population",8217810,0.127518290367536,0,0,0,0,0,0,0,0,0,0,"ESN"
"HG03200","ancestry_tuned",8309401,0.128939536141417,0,0,0,0,0,0,0,0,0,0,"ESN"
"HG03269","pooled",10103066,0.156772388725267,0,0,0,0,0,0,0,0,0,0,"ESN"
"HG03269","ancestry_tuned",9191322,0.142624576092356,0,0,0,0,0,0,0,0,0,0,"ESN"
"HG03269","single_population",9173972,0.142355350795364,0,0,0,0,0,0,0,0,0,0,"ESN"
"HG03272","ancestry_tuned",11589306,0.179834832840651,0,0,0,0,1,4400702,1,4400702,0,0,"ESN"
"HG03272","pooled",13347865,0.207122934803393,0,0,0,0,1,4414297,1,4414297,0,0,"ESN"
"HG03272","single_population",11635475,0.180551251442198,0,0,0,0,1,4400702,1,4400702,0,0,"ESN"
"HG03296","pooled",11346222,0.176062823498052,0,0,0,0,1,1040979,0,0,0,0,"ESN"
"HG03296","single_population",9816557,0.152326540274778,0,0,0,0,1,1252351,0,0,0,0,"ESN"
"HG03296","ancestry_tuned",9682203,0.150241727851025,0,0,0,0,1,1252351,0,0,0,0,"ESN"
"HG03299","pooled",11228967,0.174243341526938,0,0,0,0,0,0,0,0,0,0,"ESN"
"HG03299","ancestry_tuned",9151324,0.142003914799612,0,0,0,0,0,0,0,0,0,0,"ESN"
"HG03299","single_population",9412458,0.146056011554933,0,0,0,0,0,0,0,0,0,0,"ESN"
"HG03302","pooled",15455495,0.239827679051232,0,0,0,0,1,5561660,1,5561660,1,5561660,"ESN"
"HG03302","single_population",13770612,0.213682830286254,0,0,0,0,1,5309865,1,5309865,1,5309865,"ESN"
"HG03302","ancestry_tuned",13857099,0.215024875719163,0,0,0,0,1,5309865,1,5309865,1,5309865,"ESN"
"HG03305","single_population",8274229,0.128393761377969,0,0,0,0,0,0,0,0,0,0,"ESN"
"HG03305","pooled",10846207,0.168303936646431,0,0,0,0,0,0,0,0,0,0,"ESN"
"HG03305","ancestry_tuned",8315717,0.129037543459907,0,0,0,0,0,0,0,0,0,0,"ESN"
"HG03308","ancestry_tuned",8973513,0.139244766714108,0,0,0,0,0,0,0,0,0,0,"ESN"
"HG03308","single_population",8899114,0.138090294502526,0,0,0,0,0,0,0,0,0,0,"ESN"
"HG03308","pooled",10736689,0.166604512088736,0,0,0,0,0,0,0,0,0,0,"ESN"
"HG03310","pooled",18716203,0.290425089985258,0,0,1e+06,1e+06,3,8362036,3,8362036,0,0,"ESN"
"HG03310","ancestry_tuned",17595643,0.273037015126598,0,0,1e+06,1e+06,3,8362036,3,8362036,0,0,"ESN"
"HG03310","single_population",17638006,0.273694374853197,0,0,1e+06,1e+06,3,8362036,3,8362036,0,0,"ESN"
"HG03314","pooled",13192667,0.204714679607853,0,0,0,0,2,2349812,0,0,0,0,"ESN"
"HG03314","single_population",11751232,0.182347488485653,0,0,0,0,2,2379157,0,0,0,0,"ESN"
"HG03314","ancestry_tuned",11582843,0.179734544477858,0,0,0,0,2,2379157,0,0,0,0,"ESN"
"HG03344","single_population",8656610,0.134327285198674,0,0,0,0,1,1573273,0,0,0,0,"ESN"
"HG03344","pooled",11138279,0.172836107882347,0,0,0,0,1,1573273,0,0,0,0,"ESN"
"HG03344","ancestry_tuned",8699366,0.134990743227389,0,0,0,0,1,1573273,0,0,0,0,"ESN"
"HG03350","pooled",12567085,0.195007330919492,0,0,0,0,1,1273204,0,0,0,0,"ESN"
"HG03350","single_population",10289400,0.159663790828424,0,0,0,0,1,1274579,0,0,0,0,"ESN"
"HG03350","ancestry_tuned",10076627,0.15636212661419,0,0,0,0,1,1274579,0,0,0,0,"ESN"
"HG03368","single_population",8124494,0.126070277237038,0,0,0,0,1,1189896,0,0,0,0,"ESN"
"HG03368","ancestry_tuned",8009592,0.124287307492081,0,0,0,0,1,1189896,0,0,0,0,"ESN"
"HG03368","pooled",14101072,0.218810679948738,0,0,0,0,1,5060461,1,5060461,1,5060461,"ESN"
"HG03371","single_population",6824309,0.105894905895828,0,0,0,0,0,0,0,0,0,0,"ESN"
"HG03371","pooled",9228759,0.14320549755884,0,0,0,0,1,1054482,0,0,0,0,"ESN"
"HG03371","ancestry_tuned",6878921,0.106742337130372,0,0,0,0,0,0,0,0,0,0,"ESN"
"HG03374","pooled",8870754,0.137650223642428,0,0,0,0,0,0,0,0,0,0,"ESN"
"HG03374","single_population",7507146,0.116490698064264,0,0,0,0,0,0,0,0,0,0,"ESN"
"HG03374","ancestry_tuned",7426790,0.115243789247831,0,0,0,0,0,0,0,0,0,0,"ESN"
"HG03516","ancestry_tuned",8067413,0.125184533768588,0,0,0,0,0,0,0,0,0,0,"ESN"
"HG03516","pooled",9954474,0.15446664086759,0,0,0,0,0,0,0,0,0,0,"ESN"
"HG03516","single_population",7925961,0.122989579491345,0,0,0,0,0,0,0,0,0,0,"ESN"
"HG03519","pooled",9099371,0.141197744087529,0,0,0,0,0,0,0,0,0,0,"ESN"
"HG03519","single_population",7770411,0.120575862203324,0,0,0,0,0,0,0,0,0,0,"ESN"
"HG03519","ancestry_tuned",7705390,0.119566911307892,0,0,0,0,0,0,0,0,0,0,"ESN"
"HG03522","pooled",10717587,0.166308100467805,0,0,0,0,0,0,0,0,0,0,"ESN"
"HG03522","ancestry_tuned",8716500,0.135256616785814,0,0,0,0,0,0,0,0,0,0,"ESN"
"HG03522","single_population",8936150,0.138664993528429,0,0,0,0,0,0,0,0,0,0,"ESN"
"NA06991","pooled",17968804,0.278827469365847,0,0,0,0,1,1097277,0,0,0,0,"CEU"
"NA06991","ancestry_tuned",16263226,0.252361489908001,0,0,0,0,1,1097277,0,0,0,0,"CEU"
"NA06991","single_population",16067814,0.249329221681149,0,0,0,0,1,1097277,0,0,0,0,"CEU"
"NA06995","single_population",19952109,0.30960302427371,0,0,0,0,1,1202906,0,0,0,0,"CEU"
"NA06995","pooled",21377773,0.33172549192854,0,0,0,0,1,1202906,0,0,0,0,"CEU"
"NA06995","ancestry_tuned",20168155,0.31295547663763,0,0,0,0,1,1202906,0,0,0,0,"CEU"
"NA06997","ancestry_tuned",16977758,0.263449103159329,0,0,0,0,1,1595844,0,0,0,0,"CEU"
"NA06997","single_population",16655710,0.258451785093289,0,0,0,0,1,1602420,0,0,0,0,"CEU"
"NA06997","pooled",18285676,0.283744469844726,0,0,0,0,1,1602420,0,0,0,0,"CEU"
"NA07014","ancestry_tuned",16279536,0.252614577204481,0,0,0,0,0,0,0,0,0,0,"CEU"
"NA07014","pooled",18061048,0.280258847941971,0,0,0,0,1,1033529,0,0,0,0,"CEU"
"NA07014","single_population",16238034,0.251970577880229,0,0,0,0,0,0,0,0,0,0,"CEU"
"NA07019","pooled",20920432,0.324628790686363,0,0,0,0,0,0,0,0,0,0,"CEU"
"NA07019","ancestry_tuned",19164110,0.297375400942028,0,0,0,0,0,0,0,0,0,0,"CEU"
"NA07019","single_population",19042271,0.295484787630198,0,0,0,0,0,0,0,0,0,0,"CEU"
"NA07029","single_population",15877760,0.246380095191548,0,0,0,0,1,1252351,0,0,0,0,"CEU"
"NA07029","pooled",17611674,0.273285773094096,0,0,0,0,1,1252351,0,0,0,0,"CEU"
"NA07029","ancestry_tuned",16073575,0.249418616893597,0,0,0,0,1,1252351,0,0,0,0,"CEU"
"NA07048","pooled",20619206,0.31995457401133,0,0,0,0,1,1196350,0,0,0,0,"CEU"
"NA07048","single_population",18875850,0.292902381684909,0,0,0,0,1,1196350,0,0,0,0,"CEU"
"NA07048","ancestry_tuned",19000551,0.294837405532761,0,0,0,0,1,1196350,0,0,0,0,"CEU"
"NA07348","pooled",17000618,0.263803828824415,0,0,0,0,0,0,0,0,0,0,"CEU"
"NA07348","single_population",15522597,0.240868921464995,0,0,0,0,0,0,0,0,0,0,"CEU"
"NA07348","ancestry_tuned",15215786,0.236108040623754,0,0,0,0,0,0,0,0,0,0,"CEU"
"NA07349","ancestry_tuned",15036919,0.233332506260807,0,0,0,0,0,0,0,0,0,0,"CEU"
"NA07349","pooled",16636083,0.258147226885561,0,0,0,0,0,0,0,0,0,0,"CEU"
"NA07349","single_population",14782217,0.229380216831727,0,0,0,0,0,0,0,0,0,0,"CEU"
"NA10830","ancestry_tuned",22179349,0.344163793753436,0,0,0,0,1,4222437,1,4222437,0,0,"CEU"
"NA10830","single_population",22185707,0.34426245279887,0,0,0,0,1,4222437,1,4222437,0,0,"CEU"
"NA10830","pooled",24113032,0.374169348794593,0,0,0,0,1,4222437,1,4222437,0,0,"CEU"
"NA10831","single_population",15235427,0.236412816073796,0,0,0,0,0,0,0,0,0,0,"CEU"
"NA10831","ancestry_tuned",15327287,0.237838236003578,0,0,0,0,0,0,0,0,0,0,"CEU"
"NA10831","pooled",17186454,0.266687503308096,0,0,0,0,0,0,0,0,0,0,"CEU"
"NA10835","pooled",23334797,0.36209323646002,0,0,0,0,1,4380424,1,4380424,0,0,"CEU"
"NA10835","ancestry_tuned",21741874,0.337375359355642,0,0,0,0,1,4380424,1,4380424,0,0,"CEU"
"NA10835","single_population",21923902,0.340199943929759,0,0,0,0,1,4380424,1,4380424,0,0,"CEU"
"NA10836","single_population",14065628,0.218260684477464,0,0,0,0,0,0,0,0,0,0,"CEU"
"NA10836","pooled",15912562,0.246920128550967,0,0,0,0,0,0,0,0,0,0,"CEU"
"NA10836","ancestry_tuned",13957805,0.216587561757141,0,0,0,0,0,0,0,0,0,0,"CEU"
"NA10837","single_population",16935798,0.262797996907928,0,0,0,0,0,0,0,0,0,0,"CEU"
"NA10837","pooled",18675663,0.289796018311479,0,0,0,0,0,0,0,0,0,0,"CEU"
"NA10837","ancestry_tuned",16862222,0.261656295440982,0,0,0,0,0,0,0,0,0,0,"CEU"
"NA10838","single_population",14621458,0.226885669885375,0,0,0,0,0,0,0,0,0,0,"CEU"
"NA10838","pooled",15847664,0.245913086284442,0,0,0,0,0,0,0,0,0,0,"CEU"
"NA10838","ancestry_tuned",14636431,0.227118010540814,0,0,0,0,0,0,0,0,0,0,"CEU"
"NA10839","single_population",13853959,0.214976151371465,0,0,0,0,0,0,0,0,0,0,"CEU"
"NA10839","pooled",15857365,0.246063619691135,0,0,0,0,0,0,0,0,0,0,"CEU"
"NA10839","ancestry_tuned",13999472,0.217234121437243,0,0,0,0,0,0,0,0,0,0,"CEU"
"NA10840","single_population",18479662,0.286754610390107,0,0,0,0,0,0,0,0,0,0,"CEU"
"NA10840","pooled",20521488,0.318438253690206,0,0,0,0,1,1080024,0,0,0,0,"CEU"
"NA10840","ancestry_tuned",18855357,0.292584385488294,0,0,0,0,1,1040979,0,0,0,0,"CEU"
"NA10842","single_population",13852645,0.214955761628512,0,0,0,0,0,0,0,0,0,0,"CEU"
"NA10842","pooled",15485982,0.240300755225838,0,0,0,0,0,0,0,0,0,0,"CEU"
"NA10842","ancestry_tuned",14179180,0.220022705856373,0,0,0,0,0,0,0,0,0,0,"CEU"
"NA10843","single_population",14060703,0.218184261734658,0,0,0,0,0,0,0,0,0,0,"CEU"
"NA10843","pooled",15293577,0.237315147544696,0,0,0,0,0,0,0,0,0,0,"CEU"
"NA10843","ancestry_tuned",14184813,0.220110114853374,0,0,0,0,0,0,0,0,0,0,"CEU"
"NA10845","single_population",17433613,0.270522745681545,0,0,0,0,1,1167663,0,0,0,0,"CEU"
"NA10845","pooled",19070077,0.295916261901562,0,0,0,0,1,1167663,0,0,0,0,"CEU"
"NA10845","ancestry_tuned",17533535,0.272073266149906,0,0,0,0,1,1167663,0,0,0,0,"CEU"
"NA10846","single_population",17940967,0.278395514057929,0,0,0,0,0,0,0,0,0,0,"CEU"
"NA10846","pooled",19536281,0.303150493046174,0,0,0,0,0,0,0,0,0,0,"CEU"
"NA10846","ancestry_tuned",18415704,0.285762154393275,0,0,0,0,0,0,0,0,0,0,"CEU"
"NA10847","single_population",19032466,0.295332640423454,0,0,0,0,2,2550237,0,0,0,0,"CEU"
"NA10847","ancestry_tuned",18967413,0.29432319297416,0,0,0,0,2,2550237,0,0,0,0,"CEU"
"NA10847","pooled",20366642,0.316035460587147,0,0,0,0,2,2550237,0,0,0,0,"CEU"
"NA10851","single_population",20813750,0.322973373214677,0,0,0,0,1,1258572,0,0,0,0,"CEU"
"NA10851","ancestry_tuned",20557666,0.318999638865687,0,0,0,0,1,1099079,0,0,0,0,"CEU"
"NA10851","pooled",22980856,0.356601024884067,0,0,0,0,1,1258572,0,0,0,0,"CEU"
"NA10852","ancestry_tuned",17014679,0.26402201769479,0,0,0,0,0,0,0,0,0,0,"CEU"
"NA10852","pooled",18453522,0.286348987954177,0,0,0,0,0,0,0,0,0,0,"CEU"
"NA10852","single_population",16726453,0.259549526026149,0,0,0,0,0,0,0,0,0,0,"CEU"
"NA10854","ancestry_tuned",16877850,0.261898799933282,0,0,0,0,1,1023187,0,0,0,0,"CEU"
"NA10854","pooled",18558642,0.287980167390479,0,0,0,0,1,1027249,0,0,0,0,"CEU"
"NA10854","single_population",16197113,0.251335594112032,0,0,0,0,1,1023187,0,0,0,0,"CEU"
"NA10855","pooled",18523199,0.287430187436514,0,0,0,0,2,2737700,0,0,0,0,"CEU"
"NA10855","single_population",17731070,0.275138477622032,0,0,0,0,2,2737700,0,0,0,0,"CEU"
"NA10855","ancestry_tuned",17755109,0.275511498193467,0,0,0,0,2,2737700,0,0,0,0,"CEU"
"NA10856","pooled",18316598,0.284224296048392,0,0,0,0,1,1033529,0,0,0,0,"CEU"
"NA10856","single_population",16760045,0.260070783442666,0,0,0,0,0,0,0,0,0,0,"CEU"
"NA10856","ancestry_tuned",16669031,0.258658491155608,0,0,0,0,0,0,0,0,0,0,"CEU"
"NA10857","pooled",16885359,0.262015319400435,0,0,0,0,0,0,0,0,0,0,"CEU"
"NA10857","single_population",15680469,0.243318669942619,0,0,0,0,0,0,0,0,0,0,"CEU"
"NA10857","ancestry_tuned",15626058,0.242474357687019,0,0,0,0,0,0,0,0,0,0,"CEU"
"NA10859","pooled",18737846,0.290760931086284,0,0,0,0,2,2659820,0,0,0,0,"CEU"
"NA10859","single_population",17803881,0.276268308348217,0,0,0,0,2,2627712,0,0,0,0,"CEU"
"NA10859","ancestry_tuned",17796892,0.276159857881319,0,0,0,0,2,2621136,0,0,0,0,"CEU"
"NA10860","pooled",19029081,0.295280114335251,0,0,0,0,1,1277752,0,0,0,0,"CEU"
"NA10860","single_population",17563582,0.272539514708911,0,0,0,0,1,1277752,0,0,0,0,"CEU"
"NA10860","ancestry_tuned",17457993,0.270901057655071,0,0,0,0,1,1277752,0,0,0,0,"CEU"
"NA10861","pooled",14975389,0.232377726288246,0,0,0,0,0,0,0,0,0,0,"CEU"
"NA10861","single_population",13271396,0.205936341763871,0,0,0,0,0,0,0,0,0,0,"CEU"
"NA10861","ancestry_tuned",13324155,0.206755019426351,0,0,0,0,0,0,0,0,0,0,"CEU"
"NA10863","pooled",18635552,0.28917360356291,0,0,0,0,1,1075889,0,0,0,0,"CEU"
"NA10863","single_population",16097993,0.249797518524834,0,0,0,0,1,1075889,0,0,0,0,"CEU"
"NA10863","ancestry_tuned",16899346,0.262232359990005,0,0,0,0,1,1075889,0,0,0,0,"CEU"
"NA10864","pooled",16832718,0.261198472780322,0,0,0,0,1,1048180,0,0,0,0,"CEU"
"NA10864","single_population",14928154,0.231644766236175,0,0,0,0,1,1048180,0,0,0,0,"CEU"
"NA10864","ancestry_tuned",15094770,0.23423019805656,0,0,0,0,1,1048180,0,0,0,0,"CEU"
"NA10865","pooled",19051523,0.295628353765516,0,0,0,0,1,1424440,0,0,0,0,"CEU"
"NA10865","single_population",17764815,0.275662109186701,0,0,0,0,1,1424440,0,0,0,0,"CEU"
"NA10865","ancestry_tuned",17637626,0.273688478276087,0,0,0,0,1,1424440,0,0,0,0,"CEU"
"NA12329","pooled",15913754,0.246938625182323,0,0,0,0,0,0,0,0,0,0,"CEU"
"NA12329","single_population",13889086,0.215521227856045,0,0,0,0,0,0,0,0,0,0,"CEU"
"NA12329","ancestry_tuned",13756717,0.213467217289037,0,0,0,0,0,0,0,0,0,0,"CEU"
"NA12335","single_population",14916154,0.231458558537967,0,0,0,0,1,1272689,0,0,0,0,"CEU"
"NA12335","ancestry_tuned",15344660,0.238107818198659,0,0,0,0,1,1272689,0,0,0,0,"CEU"
"NA12335","pooled",16666171,0.258614111654201,0,0,0,0,1,1272689,0,0,0,0,"CEU"
"NA12336","single_population",17219648,0.267202584835956,0,0,0,0,0,0,0,0,0,0,"CEU"
"NA12336","ancestry_tuned",17471065,0.271103899907652,0,0,0,0,0,0,0,0,0,0,"CEU"
"NA12336","pooled",18840462,0.292353255182893,0,0,0,0,0,0,0,0,0,0,"CEU"
"NA12344","ancestry_tuned",15323270,0.237775902976603,0,0,0,0,0,0,0,0,0,0,"CEU"
"NA12344","pooled",17022644,0.264145613054476,0,0,0,0,0,0,0,0,0,0,"CEU"
"NA12344","single_population",15044615,0.233451927464591,0,0,0,0,0,0,0,0,0,0,"CEU"
"NA12376","ancestry_tuned",14260601,0.221286140606023,0,0,0,0,0,0,0,0,0,0,"CEU"
"NA12376","pooled",16447463,0.255220352215896,0,0,0,0,0,0,0,0,0,0,"CEU"
"NA12376","single_population",14181085,0.220052266328464,0,0,0,0,0,0,0,0,0,0,"CEU"
"NA12386","pooled",14743088,0.228773040079795,0,0,0,0,0,0,0,0,0,0,"CEU"
"NA12386","ancestry_tuned",12927248,0.200596091186965,0,0,0,0,0,0,0,0,0,0,"CEU"
"NA12386","single_population",12795026,0.19854436166426,0,0,0,0,0,0,0,0,0,0,"CEU"
"NA12485","pooled",19160096,0.297313114466977,0,0,0,0,1,1252351,0,0,0,0,"CEU"
"NA12485","ancestry_tuned",17561548,0.272507952504065,0,0,0,0,1,1252351,0,0,0,0,"CEU"
"NA12485","single_population",17523788,0.271922018947037,0,0,0,0,1,1252351,0,0,0,0,"CEU"
"NA12707","pooled",20222382,0.313796933708523,0,0,0,0,2,2043883,0,0,0,0,"CEU"
"NA12707","ancestry_tuned",18555733,0.287935027540972,0,0,0,0,2,2043883,0,0,0,0,"CEU"
"NA12707","single_population",18618353,0.288906721379454,0,0,0,0,2,2043883,0,0,0,0,"CEU"
"NA12739","pooled",15912854,0.246924659604957,0,0,0,0,0,0,0,0,0,0,"CEU"
"NA12739","ancestry_tuned",13971572,0.21680118853891,0,0,0,0,0,0,0,0,0,0,"CEU"
"NA12739","single_population",14062924,0.218218725676135,0,0,0,0,0,0,0,0,0,0,"CEU"
"NA12740","pooled",20685131,0.32097755255336,0,0,0,0,2,2069110,0,0,0,0,"CEU"
"NA12740","ancestry_tuned",18906495,0.293377909594207,0,0,0,0,2,2069110,0,0,0,0,"CEU"
"NA12740","single_population",18724446,0.290552999156619,0,0,0,0,2,2069110,0,0,0,0,"CEU"
"NA12752","pooled",24500388,0.380180071223514,0,0,0,0,1,6033218,1,6033218,1,6033218,"CEU"
"NA12752","ancestry_tuned",22827980,0.354228800878131,0,0,0,0,2,7038638,1,6033218,1,6033218,"CEU"
"NA12752","single_population",22812015,0.353981067052973,0,0,0,0,2,7038638,1,6033218,1,6033218,"CEU"
"NA12753","pooled",18015987,0.279559622517892,0,0,0,0,1,2078883,1,2078883,0,0,"CEU"
"NA12753","ancestry_tuned",16352669,0.253749404503902,0,0,0,0,1,2078883,1,2078883,0,0,"CEU"
"NA12753","single_population",16275631,0.252553982116023,0,0,0,0,1,2078883,1,2078883,0,0,"CEU"
"NA12766","pooled",18345378,0.284670884177927,0,0,0,0,0,0,0,0,0,0,"CEU"
"NA12766","ancestry_tuned",17016281,0.264046876422501,0,0,0,0,0,0,0,0,0,0,"CEU"
"NA12766","single_population",16961392,0.263195146893589,0,0,0,0,0,0,0,0,0,0,"CEU"
"NA12767","pooled",18486853,0.286866195353258,0,0,0,0,0,0,0,0,0,0,"CEU"
"NA12767","ancestry_tuned",17008860,0.263931722478467,0,0,0,0,0,0,0,0,0,0,"CEU"
"NA12767","single_population",16507073,0.256145338956744,0,0,0,0,0,0,0,0,0,0,"CEU"
"NA12801","single_population",15087840,0.234122663110844,0,0,0,0,0,0,0,0,0,0,"CEU"
"NA12801","pooled",17170187,0.266435083255867,0,0,0,0,0,0,0,0,0,0,"CEU"
"NA12801","ancestry_tuned",15176659,0.235500894906439,0,0,0,0,0,0,0,0,0,0,"CEU"
"NA12802","ancestry_tuned",17293222,0.268344255268285,0,0,0,0,2,2749684,0,0,0,0,"CEU"
"NA12802","pooled",18956294,0.294150656024462,0,0,0,0,2,2831743,0,0,0,0,"CEU"
"NA12802","single_population",17374410,0.269604074485128,0,0,0,0,2,2749684,0,0,0,0,"CEU"
"NA12817","ancestry_tuned",17340997,0.269085594666776,0,0,0,0,0,0,0,0,0,0,"CEU"
"NA12817","single_population",17266029,0.267922293106838,0,0,0,0,0,0,0,0,0,0,"CEU"
"NA12817","pooled",18723635,0.290540414619682,0,0,0,0,0,0,0,0,0,0,"CEU"
"NA12818","single_population",17540893,0.272187442503524,0,0,0,0,0,0,0,0,0,0,"CEU"
"NA12818","ancestry_tuned",17717052,0.274920955995909,0,0,0,0,0,0,0,0,0,0,"CEU"
"NA12818","pooled",19744400,0.30637993970812,0,0,0,0,0,0,0,0,0,0,"CEU"
"NA12832","pooled",21227450,0.329392883610397,0,0,0,0,0,0,0,0,0,0,"CEU"
"NA12832","single_population",19525156,0.302977862992627,0,0,0,0,0,0,0,0,0,0,"CEU"
"NA12832","ancestry_tuned",19573636,0.303730142093388,0,0,0,0,0,0,0,0,0,0,"CEU"
"NA12864","pooled",16069545,0.249356082141616,0,0,0,0,0,0,0,0,0,0,"CEU"
"NA12864","single_population",14865265,0.230668898241791,0,0,0,0,0,0,0,0,0,0,"CEU"
"NA12864","ancestry_tuned",14851639,0.230457459400476,0,0,0,0,0,0,0,0,0,0,"CEU"
"NA12865","pooled",17126662,0.265759692417159,0,0,0,0,2,2342554,0,0,0,0,"CEU"
"NA12865","ancestry_tuned",15656342,0.242944283848063,0,0,0,0,2,2342554,0,0,0,0,"CEU"
"NA12865","single_population",15457698,0.239861863681161,0,0,0,0,2,2342554,0,0,0,0,"CEU"
"NA12877","single_population",18744815,0.290869071207019,0,0,0,0,1,1052886,0,0,0,0,"CEU"
"NA12877","pooled",19848072,0.307988650082171,0,0,0,0,1,1052886,0,0,0,0,"CEU"
"NA12877","ancestry_tuned",18955193,0.294133571468152,0,0,0,0,1,1052886,0,0,0,0,"CEU"
"NA12878","single_population",16819990,0.261000968481756,0,0,0,0,1,1324646,0,0,0,0,"CEU"
"NA12878","ancestry_tuned",16693180,0.259033218630943,0,0,0,0,1,1194202,0,0,0,0,"CEU"
"NA12878","pooled",17925825,0.278160550977407,0,0,0,0,1,1324646,0,0,0,0,"CEU"
"NA18484","ancestry_tuned",7140883,0.110807282216868,0,0,0,0,0,0,0,0,0,0,"YRI"
"NA18484","single_population",7151635,0.110974124314463,0,0,0,0,0,0,0,0,0,0,"YRI"
"NA18484","pooled",9158024,0.142107880764445,0,0,0,0,0,0,0,0,0,0,"YRI"
"NA18485","pooled",7664249,0.118928513731894,0,0,0,0,0,0,0,0,0,0,"YRI"
"NA18485","ancestry_tuned",5937216,0.0921296104269607,0,0,0,0,0,0,0,0,0,0,"YRI"
"NA18485","single_population",6058759,0.0940156306155684,0,0,0,0,0,0,0,0,0,0,"YRI"
"NA18497","single_population",9143313,0.141879605643751,0,0,0,0,0,0,0,0,0,0,"YRI"
"NA18497","pooled",10742378,0.166692790054994,0,0,0,0,0,0,0,0,0,0,"YRI"
"NA18497","ancestry_tuned",8955342,0.138962801707096,0,0,0,0,0,0,0,0,0,0,"YRI"
"NA18500","single_population",7488213,0.116196908868416,0,0,0,0,0,0,0,0,0,0,"YRI"
"NA18500","pooled",9081548,0.140921179103766,0,0,0,0,0,0,0,0,0,0,"YRI"
"NA18500","ancestry_tuned",7657941,0.11883063055187,0,0,0,0,0,0,0,0,0,0,"YRI"
"NA18503","pooled",8610047,0.133604752777703,0,0,0,0,0,0,0,0,0,0,"YRI"
"NA18503","single_population",7465765,0.115848576334302,0,0,0,0,0,0,0,0,0,0,"YRI"
"NA18503","ancestry_tuned",7469969,0.115913811097907,0,0,0,0,0,0,0,0,0,0,"YRI"
"NA18506","single_population",8683591,0.134745957690787,0,0,0,0,1,1756336,0,0,0,0,"YRI"
"NA18506","ancestry_tuned",8585396,0.133222235613659,0,0,0,0,1,1756336,0,0,0,0,"YRI"
"NA18506","pooled",9940062,0.154243005422042,0,0,0,0,1,1765667,0,0,0,0,"YRI"
"NA18515","pooled",13691329,0.212452571541502,0,0,0,0,1,3996623,1,3996623,0,0,"YRI"
"NA18515","single_population",8408899,0.130483477271108,0,0,0,0,0,0,0,0,0,0,"YRI"
"NA18515","ancestry_tuned",8219081,0.127538012866238,0,0,0,0,0,0,0,0,0,0,"YRI"
"NA18518","pooled",11141097,0.17287983565681,0,0,0,0,0,0,0,0,0,0,"YRI"
"NA18518","ancestry_tuned",9484009,0.147166290472806,0,0,0,0,0,0,0,0,0,0,"YRI"
"NA18518","single_population",9428301,0.146301852268492,0,0,0,0,0,0,0,0,0,0,"YRI"
"NA18521","ancestry_tuned",6996784,0.108571253624863,0,0,0,0,0,0,0,0,0,0,"YRI"
"NA18521","pooled",8782691,0.136283722931821,0,0,0,0,0,0,0,0,0,0,"YRI"
"NA18521","single_population",6962854,0.10804475135818,0,0,0,0,0,0,0,0,0,0,"YRI"
"NA18854","pooled",8293388,0.128691057485466,0,0,0,0,0,0,0,0,0,0,"YRI"
"NA18854","single_population",6566363,0.101892278318998,0,0,0,0,0,0,0,0,0,0,"YRI"
"NA18854","ancestry_tuned",6666722,0.103449579851036,0,0,0,0,0,0,0,0,0,0,"YRI"
"NA18857","pooled",13430616,0.208407007572927,0,0,0,0,2,3144005,0,0,0,0,"YRI"
"NA18857","ancestry_tuned",11341407,0.175988107659146,0,0,0,0,2,2962531,0,0,0,0,"YRI"
"NA18857","single_population",11427259,0.177320299601359,0,0,0,0,2,2963582,0,0,0,0,"YRI"
"NA18860","pooled",10121206,0.157053872695724,0,0,0,0,0,0,0,0,0,0,"YRI"
"NA18860","single_population",8256435,0.128117646396143,0,0,0,0,0,0,0,0,0,0,"YRI"
"NA18860","ancestry_tuned",8289585,0.128632045162443,0,0,0,0,0,0,0,0,0,0,"YRI"
"NA18863","single_population",8384620,0.130106732545709,0,0,0,0,0,0,0,0,0,0,"YRI"
"NA18863","pooled",13764436,0.213586995390909,0,0,0,0,1,4002457,1,4002457,0,0,"YRI"
"NA18863","ancestry_tuned",8308071,0.128918898121532,0,0,0,0,0,0,0,0,0,0,"YRI"
"NA18869","ancestry_tuned",10039252,0.155782167220813,0,0,0,0,1,2721187,1,2721187,0,0,"YRI"
"NA18869","single_population",9917477,0.153892547016707,0,0,0,0,1,2721187,1,2721187,0,0,"YRI"
"NA18869","pooled",11522323,0.178795436986562,0,0,0,0,1,2721187,1,2721187,0,0,"YRI"
"NA18872","pooled",10946153,0.169854829530189,0,0,1200000,1200000,1,1784786,0,0,0,0,"YRI"
"NA18872","ancestry_tuned",9122434,0.141555619766177,0,0,1200000,1200000,1,1784786,0,0,0,0,"YRI"
"NA18872","single_population",9213767,0.142972862074546,0,0,1200000,1200000,1,1784786,0,0,0,0,"YRI"
"NA18875","pooled",9746378,0.151237551103733,0,0,0,0,0,0,0,0,0,0,"YRI"
"NA18875","single_population",8293827,0.128697869583759,0,0,0,0,0,0,0,0,0,0,"YRI"
"NA18875","ancestry_tuned",8262462,0.128211169212568,0,0,0,0,0,0,0,0,0,0,"YRI"
"NA18906","single_population",8302811,0.128837277080484,0,0,0,0,0,0,0,0,0,0,"YRI"
"NA18906","pooled",9020703,0.139977028487311,0,0,0,0,0,0,0,0,0,0,"YRI"
"NA18906","ancestry_tuned",8219097,0.127538261143169,0,0,0,0,0,0,0,0,0,0,"YRI"
"NA18911","pooled",8092869,0.125579542365719,0,0,0,0,0,0,0,0,0,0,"YRI"
"NA18911","single_population",7234732,0.112263566072628,0,0,0,0,0,0,0,0,0,0,"YRI"
"NA18911","ancestry_tuned",7236955,0.112298061048721,0,0,0,0,0,0,0,0,0,0,"YRI"
"NA18914","single_population",7336701,0.113845850470842,0,0,0,0,0,0,0,0,0,0,"YRI"
"NA18914","ancestry_tuned",7336027,0.113835391805126,0,0,0,0,0,0,0,0,0,0,"YRI"
"NA18914","pooled",9128859,0.141655318471259,0,0,0,0,0,0,0,0,0,0,"YRI"
"NA18925","single_population",12339481,0.191475529507581,0,0,1400000,1400000,1,2389821,1,2389821,0,0,"YRI"
"NA18925","pooled",13475675,0.20910620196239,0,0,1400000,1400000,1,2389821,1,2389821,0,0,"YRI"
"NA18925","ancestry_tuned",12251156,0.19010496326223,0,0,1400000,1400000,1,2389821,1,2389821,0,0,"YRI"
"NA18930","pooled",8373659,0.129936647330704,0,0,0,0,0,0,0,0,0,0,"YRI"
"NA18930","single_population",7143046,0.11084084615447,0,0,0,0,0,0,0,0,0,0,"YRI"
"NA18930","ancestry_tuned",7100278,0.110177201918057,0,0,0,0,0,0,0,0,0,0,"YRI"
"NA18935","ancestry_tuned",11225283,0.174186175763588,0,0,0,0,0,0,0,0,0,0,"YRI"
"NA18935","pooled",12665942,0.196541325454637,0,0,0,0,0,0,0,0,0,0,"YRI"
"NA18935","single_population",11200094,0.173795310287741,0,0,0,0,0,0,0,0,0,0,"YRI"
"NA19094","pooled",9516020,0.147663015025084,0,0,0,0,1,1221744,0,0,0,0,"YRI"
"NA19094","single_population",8045221,0.124840173665368,0,0,0,0,1,1221744,0,0,0,0,"YRI"
"NA19094","ancestry_tuned",8009813,0.124290736817189,0,0,0,0,1,1221744,0,0,0,0,"YRI"
"NA19097","pooled",11410951,0.177067243339494,0,0,0,0,1,1635146,0,0,0,0,"YRI"
"NA19097","ancestry_tuned",9286748,0.144105330743122,0,0,0,0,1,1410269,0,0,0,0,"YRI"
"NA19097","single_population",9385520,0.145638006307072,0,0,0,0,1,1410269,0,0,0,0,"YRI"
"NA19100","pooled",12681314,0.196779857516042,0,0,0,0,0,0,0,0,0,0,"YRI"
"NA19100","ancestry_tuned",10700890,0.166049007973057,0,0,0,0,0,0,0,0,0,0,"YRI"
"NA19100","single_population",10598170,0.164455070076397,0,0,0,0,0,0,0,0,0,0,"YRI"
"NA19103","single_population",7041763,0.109269206629671,0,0,0,0,0,0,0,0,0,0,"YRI"
"NA19103","pooled",8477980,0.131555428437767,0,0,0,0,0,0,0,0,0,0,"YRI"
"NA19103","ancestry_tuned",7015826,0.108866734207302,0,0,0,0,0,0,0,0,0,0,"YRI"
"NA19109","ancestry_tuned",8036979,0.124712280011316,0,0,0,0,0,0,0,0,0,0,"YRI"
"NA19109","single_population",8106586,0.125792393282079,0,0,0,0,0,0,0,0,0,0,"YRI"
"NA19109","pooled",9624984,0.149353842994045,0,0,0,0,0,0,0,0,0,0,"YRI"
"NA19115","ancestry_tuned",13025601,0.202122264998786,0,0,0,0,2,5848976,1,4725753,0,0,"YRI"
"NA19115","pooled",14963321,0.232190463413081,0,0,0,0,2,5854355,1,4725753,0,0,"YRI"
"NA19115","single_population",13032923,0.202235882729309,0,0,0,0,2,5848976,1,4725753,0,0,"YRI"
"NA19120","pooled",11510005,0.178604294784352,0,0,0,0,1,1107485,0,0,0,0,"YRI"
"NA19120","ancestry_tuned",10347209,0.160560830897232,0,0,0,0,1,1051966,0,0,0,0,"YRI"
"NA19120","single_population",10290717,0.159684227123302,0,0,0,0,1,1051966,0,0,0,0,"YRI"
"NA19123","single_population",11978777,0.185878374376381,0,0,1300000,1300000,1,2272206,1,2272206,0,0,"YRI"
"NA19123","pooled",13283808,0.206128942593051,0,0,1300000,1300000,1,2272206,1,2272206,0,0,"YRI"
"NA19123","ancestry_tuned",11911133,0.184828721581582,0,0,1300000,1300000,1,2272206,1,2272206,0,0,"YRI"
"NA19129","pooled",9895481,0.153551228305892,0,0,0,0,0,0,0,0,0,0,"YRI"
"NA19129","single_population",8824748,0.136936334362115,0,0,0,0,0,0,0,0,0,0,"YRI"
"NA19129","ancestry_tuned",8725504,0.135396334628703,0,0,0,0,0,0,0,0,0,0,"YRI"
"NA19132","pooled",11444256,0.177584047288562,0,0,0,0,1,1070536,0,0,0,0,"YRI"
"NA19132","single_population",9455551,0.146724698916505,0,0,0,0,1,1070536,0,0,0,0,"YRI"
"NA19132","ancestry_tuned",9487250,0.14721658206863,0,0,0,0,1,1070536,0,0,0,0,"YRI"
"NA19139","ancestry_tuned",10876989,0.168781590426951,0,0,0,0,1,4168045,1,4168045,0,0,"YRI"
"NA19139","pooled",12129055,0.188210284415655,0,0,0,0,1,4168045,1,4168045,0,0,"YRI"
"NA19139","single_population",10890002,0.168983517158349,0,0,0,0,1,4168045,1,4168045,0,0,"YRI"
"NA19142","ancestry_tuned",7011053,0.10879267009534,0,0,0,0,0,0,0,0,0,0,"YRI"
"NA19142","single_population",6949920,0.107844050494128,0,0,0,0,0,0,0,0,0,0,"YRI"
"NA19142","pooled",8554107,0.13273671455789,0,0,0,0,0,0,0,0,0,0,"YRI"
"NA19145","single_population",8703875,0.135060710769991,0,0,0,0,0,0,0,0,0,0,"YRI"
"NA19145","ancestry_tuned",8752255,0.135811438139933,0,0,0,0,0,0,0,0,0,0,"YRI"
"NA19145","pooled",9693201,0.150412387206433,0,0,0,0,0,0,0,0,0,0,"YRI"
"NA19148","pooled",10145568,0.157431905357703,0,0,0,0,0,0,0,0,0,0,"YRI"
"NA19148","single_population",9102708,0.141249525344939,0,0,0,0,0,0,0,0,0,0,"YRI"
"NA19148","ancestry_tuned",9179569,0.14244220116927,0,0,0,0,0,0,0,0,0,0,"YRI"
"NA19151","pooled",10148309,0.157474438299435,0,0,0,0,0,0,0,0,0,0,"YRI"
"NA19151","single_population",8790331,0.136402275166347,0,0,0,0,0,0,0,0,0,0,"YRI"
"NA19151","ancestry_tuned",8832292,0.137053396935055,0,0,0,0,0,0,0,0,0,0,"YRI"
"NA19154","pooled",9263251,0.143740720552723,0,0,0,0,0,0,0,0,0,0,"YRI"
"NA19154","ancestry_tuned",7839945,0.12165484271059,0,0,0,0,0,0,0,0,0,0,"YRI"
"NA19154","single_population",7637881,0.118519353349699,0,0,0,0,0,0,0,0,0,0,"YRI"
"NA19161","single_population",16484962,0.255802235755487,0,0,1200000,1200000,1,8186792,1,8186792,1,8186792,"YRI"
"NA19161","pooled",17492970,0.271443806543422,0,0,1200000,1200000,1,8153282,1,8153282,1,8153282,"YRI"
"NA19161","ancestry_tuned",16227807,0.251811882369432,0,0,1200000,1200000,1,8186792,1,8186792,1,8186792,"YRI"
"NA19173","single_population",7888154,0.122402916620832,0,0,0,0,0,0,0,0,0,0,"YRI"
"NA19173","ancestry_tuned",7971739,0.123699930825392,0,0,0,0,0,0,0,0,0,0,"YRI"
"NA19173","pooled",9858813,0.152982239649401,0,0,0,0,0,0,0,0,0,0,"YRI"
"NA19174","ancestry_tuned",9683501,0.150261869317048,0,0,0,0,1,1209585,0,0,0,0,"YRI"
"NA19174","single_population",9760336,0.151454141691365,0,0,0,0,1,1209585,0,0,0,0,"YRI"
"NA19174","pooled",11465813,0.177918553901085,0,0,0,0,1,1212359,0,0,0,0,"YRI"
"NA19177","pooled",10474155,0.162530691101958,0,0,0,0,0,0,0,0,0,0,"YRI"
"NA19177","ancestry_tuned",8441645,0.130991607044901,0,0,0,0,0,0,0,0,0,0,"YRI"
"NA19177","single_population",8412588,0.130540720620999,0,0,0,0,0,0,0,0,0,0,"YRI"
"NA19186","single_population",8309674,0.128943772366551,0,0,0,0,0,0,0,0,0,0,"YRI"
"NA19186","pooled",9243225,0.14342997093903,0,0,0,0,0,0,0,0,0,0,"YRI"
"NA19186","ancestry_tuned",8241459,0.12788525918878,0,0,0,0,0,0,0,0,0,0,"YRI"
"NA19191","single_population",10790225,0.167435246699674,0,0,0,0,1,1235367,0,0,0,0,"YRI"
"NA19191","pooled",12778051,0.198280955357837,0,0,0,0,1,1252351,0,0,0,0,"YRI"
"NA19191","ancestry_tuned",10795839,0.167522360867819,0,0,0,0,1,1235367,0,0,0,0,"YRI"
"NA19199","pooled",12085563,0.187535405648117,0,0,0,0,0,0,0,0,0,0,"YRI"
"NA19199","single_population",9924684,0.154004380256789,0,0,0,0,0,0,0,0,0,0,"YRI"
"NA19199","ancestry_tuned",9919548,0.153924683361956,0,0,0,0,0,0,0,0,0,0,"YRI"
"NA19202","single_population",9586130,0.148750933501864,0,0,0,0,0,0,0,0,0,0,"YRI"
"NA19202","ancestry_tuned",9581218,0.148674712484064,0,0,0,0,0,0,0,0,0,0,"YRI"
"NA19202","pooled",11010242,0.170849318294393,0,0,0,0,0,0,0,0,0,0,"YRI"
"NA19205","pooled",11666892,0.181038758713415,0,0,3100000,3100000,1,3617838,1,3617838,0,0,"YRI"
"NA19205","single_population",10534982,0.163474562406866,0,0,3100000,3100000,1,3617838,1,3617838,0,0,"YRI"
"NA19205","ancestry_tuned",10436281,0.161942988571797,0,0,3100000,3100000,1,3617838,1,3617838,0,0,"YRI"
"NA19208","pooled",12125322,0.188152358304205,0,0,1300000,1300000,1,1825287,0,0,0,0,"YRI"
"NA19208","ancestry_tuned",10223971,0.158648508871253,0,0,1300000,1300000,1,1825287,0,0,0,0,"YRI"
"NA19208","single_population",10274680,0.159435376051955,0,0,1300000,1300000,1,1825287,0,0,0,0,"YRI"
"NA19211","ancestry_tuned",9220425,0.143076176312435,0,0,0,0,1,1058540,0,0,0,0,"YRI"
"NA19211","pooled",10466823,0.162416918198353,0,0,0,0,1,1058540,0,0,0,0,"YRI"
"NA19211","single_population",9264124,0.143754267162767,0,0,0,0,1,1058540,0,0,0,0,"YRI"
"NA19215","pooled",9947205,0.154353845554401,0,0,0,0,0,0,0,0,0,0,"YRI"
"NA19215","single_population",8532711,0.132404706231985,0,0,0,0,0,0,0,0,0,0,"YRI"
"NA19215","ancestry_tuned",8683871,0.134750302537078,0,0,0,0,0,0,0,0,0,0,"YRI"
"NA19221","pooled",10028298,0.155612190626966,0,0,0,0,1,1070536,0,0,0,0,"YRI"
"NA19221","ancestry_tuned",8705910,0.135092288492145,0,0,0,0,1,1070536,0,0,0,0,"YRI"
"NA19221","single_population",8811538,0.136731350721005,0,0,0,0,1,1070536,0,0,0,0,"YRI"
"NA19224","pooled",15305373,0.237498189712034,0,0,1600000,1600000,1,3374100,1,3374100,0,0,"YRI"
"NA19224","single_population",13905591,0.215777341027622,0,0,1600000,1600000,1,3374100,1,3374100,0,0,"YRI"
"NA19224","ancestry_tuned",13877651,0.215343787436961,0,0,1600000,1600000,1,3374100,1,3374100,0,0,"YRI"
"NA19237","single_population",7786457,0.120824852930444,0,0,0,0,0,0,0,0,0,0,"YRI"
"NA19237","pooled",8914402,0.138327523110043,0,0,0,0,0,0,0,0,0,0,"YRI"
"NA19237","ancestry_tuned",7792234,0.120914496419823,0,0,0,0,0,0,0,0,0,0,"YRI"
"NA19240","ancestry_tuned",6573904,0.102009294340014,0,0,0,0,0,0,0,0,0,0,"YRI"
"NA19240","single_population",6608120,0.102540234556837,0,0,0,0,0,0,0,0,0,0,"YRI"
"NA19240","pooled",8420276,0.130660017686318,0,0,0,0,0,0,0,0,0,0,"YRI"
"NA19249","pooled",9079933,0.140896118651049,0,0,0,0,0,0,0,0,0,0,"YRI"
"NA19249","ancestry_tuned",7376033,0.114456177236335,0,0,0,0,0,0,0,0,0,0,"YRI"
"NA19249","single_population",7633046,0.118444327164629,0,0,0,0,0,0,0,0,0,0,"YRI"
"NA19258","pooled",9960340,0.154557665397397,0,0,0,0,0,0,0,0,0,0,"YRI"
"NA19258","single_population",7889634,0.122425882236945,0,0,0,0,0,0,0,0,0,0,"YRI"
"NA19258","ancestry_tuned",7935274,0.123134092182462,0,0,0,0,0,0,0,0,0,0,"YRI"
"NA19650","single_population",17715665,0.274899433489458,1,1658179,1500000,1500000,0,0,0,0,0,0,"MXL"
"NA19650","pooled",18551187,0.287864485857968,1,1658179,1500000,1500000,0,0,0,0,0,0,"MXL"
"NA19650","ancestry_tuned",17410648,0.270166390699099,1,1658179,1500000,1500000,0,0,0,0,0,0,"MXL"
"NA19653","pooled",20713022,0.32141034579592,0,0,0,0,2,2643890,0,0,0,0,"MXL"
"NA19653","single_population",20224253,0.313825966592135,0,0,0,0,2,2643890,0,0,0,0,"MXL"
"NA19653","ancestry_tuned",20193897,0.313354923184902,0,0,0,0,2,2643890,0,0,0,0,"MXL"
"NA19656","single_population",13409659,0.208081811345315,0,0,0,0,0,0,0,0,0,0,"MXL"
"NA19656","ancestry_tuned",12773198,0.19820564986122,0,0,0,0,0,0,0,0,0,0,"MXL"
"NA19656","pooled",13480289,0.209177798822351,0,0,0,0,0,0,0,0,0,0,"MXL"
"NA19659","single_population",17630273,0.27357437950901,0,0,0,0,1,1231479,0,0,0,0,"MXL"
"NA19659","pooled",18531766,0.287563124215726,0,0,0,0,1,1390972,0,0,0,0,"MXL"
"NA19659","ancestry_tuned",17611094,0.273276773055349,0,0,0,0,1,1231479,0,0,0,0,"MXL"
"NA19662","pooled",15325649,0.237812818652773,0,0,0,0,0,0,0,0,0,0,"MXL"
"NA19662","single_population",14680162,0.227796597945009,0,0,0,0,0,0,0,0,0,0,"MXL"
"NA19662","ancestry_tuned",14665326,0.227566383160791,0,0,0,0,0,0,0,0,0,0,"MXL"
"NA19665","ancestry_tuned",15539886,0.241137200206188,0,0,0,0,2,3393791,0,0,0,0,"MXL"
"NA19665","pooled",15988885,0.248104456063494,0,0,0,0,2,3397853,0,0,0,0,"MXL"
"NA19665","single_population",15225983,0.236266270615306,0,0,0,0,2,3262041,0,0,0,0,"MXL"
"NA19671","pooled",20207044,0.313558929235597,0,0,0,0,1,1048101,0,0,0,0,"MXL"
"NA19671","single_population",19688597,0.305514027359528,0,0,0,0,1,1048101,0,0,0,0,"MXL"
"NA19671","ancestry_tuned",19473912,0.302182694052047,0,0,0,0,1,1029394,0,0,0,0,"MXL"
"NA19675","pooled",12171732,0.188872516577024,0,0,0,0,0,0,0,0,0,0,"MXL"
"NA19675","ancestry_tuned",11208516,0.173925997057267,0,0,0,0,0,0,0,0,0,0,"MXL"
"NA19675","single_population",10476608,0.162568755058933,0,0,0,0,0,0,0,0,0,0,"MXL"
"NA19677","pooled",12533393,0.194484521772157,0,0,0,0,0,0,0,0,0,0,"MXL"
"NA19677","ancestry_tuned",11829932,0.183568700639734,0,0,0,0,0,0,0,0,0,0,"MXL"
"NA19677","single_population",11809281,0.183248252708426,0,0,0,0,0,0,0,0,0,0,"MXL"
"NA19680","single_population",11429839,0.177360334256474,0,0,0,0,0,0,0,0,0,0,"MXL"
"NA19680","pooled",12458443,0.193321499523766,0,0,0,0,0,0,0,0,0,0,"MXL"
"NA19680","ancestry_tuned",12014360,0.186430526753492,0,0,0,0,0,0,0,0,0,0,"MXL"
"NA19683","ancestry_tuned",17657053,0.273989933022177,0,0,0,0,1,1184491,0,0,0,0,"MXL"
"NA19683","single_population",17924546,0.278140704340239,0,0,0,0,1,1184491,0,0,0,0,"MXL"
"NA19683","pooled",18701469,0.290196457966475,0,0,0,0,1,1227505,0,0,0,0,"MXL"
"NA19685","ancestry_tuned",15270004,0.236949358038874,0,0,0,0,0,0,0,0,0,0,"MXL"
"NA19685","pooled",15738404,0.244217665192259,0,0,0,0,0,0,0,0,0,0,"MXL"
"NA19685","single_population",14366277,0.222925947665675,0,0,0,0,0,0,0,0,0,0,"MXL"
"NA19686","pooled",15010997,0.232930266598062,0,0,0,0,1,1033529,0,0,0,0,"MXL"
"NA19686","ancestry_tuned",14346418,0.222617789442449,0,0,0,0,0,0,0,0,0,0,"MXL"
"NA19686","single_population",14195731,0.220279532824127,0,0,0,0,0,0,0,0,0,0,"MXL"
"NA19702","single_population",6844550,0.10620899173078,0,0,0,0,0,0,0,0,0,0,"ASW"
"NA19702","pooled",8135562,0.126242022804019,0,0,0,0,0,0,0,0,0,0,"ASW"
"NA19702","ancestry_tuned",7050015,0.109397255456805,0,0,0,0,0,0,0,0,0,0,"ASW"
"NA19705","pooled",11109535,0.172390078375906,0,0,0,0,0,0,0,0,0,0,"ASW"
"NA19705","single_population",9162155,0.142171982764553,0,0,0,0,0,0,0,0,0,0,"ASW"
"NA19705","ancestry_tuned",9125604,0.14160480963312,0,0,0,0,0,0,0,0,0,0,"ASW"
"NA19718","pooled",19176330,0.297565022448036,0,0,0,0,1,1110725,0,0,0,0,"MXL"
"NA19718","single_population",18123779,0.281232264201662,0,0,0,0,1,1104149,0,0,0,0,"MXL"
"NA19718","ancestry_tuned",17993659,0.27921315206076,0,0,0,0,1,1104149,0,0,0,0,"MXL"
"NA19721","ancestry_tuned",18380687,0.285218784812596,0,0,0,0,1,2022249,1,2022249,0,0,"MXL"
"NA19721","pooled",18721127,0.290501497210756,0,0,0,0,2,3059840,1,2026311,0,0,"MXL"
"NA19721","single_population",18325697,0.284365488035558,0,0,0,0,1,2022249,1,2022249,0,0,"MXL"
"NA19724","ancestry_tuned",13925881,0.216092187210675,0,0,0,0,0,0,0,0,0,0,"MXL"
"NA19724","single_population",13729275,0.213041391317852,0,0,0,0,0,0,0,0,0,0,"MXL"
"NA19724","pooled",14594003,0.226459642189184,0,0,0,0,0,0,0,0,0,0,"MXL"
"NA19727","single_population",17267489,0.267944948376786,0,0,0,0,0,0,0,0,0,0,"MXL"
"NA19727","ancestry_tuned",17174860,0.266507595637011,0,0,0,0,0,0,0,0,0,0,"MXL"
"NA19727","pooled",18695381,0.290101988594251,0,0,0,0,0,0,0,0,0,0,"MXL"
"NA19730","pooled",27228329,0.422510372428276,0,0,0,0,2,3443904,1,2403068,0,0,"MXL"
"NA19730","single_population",26136963,0.405575309864739,0,0,0,0,2,3443904,1,2403068,0,0,"MXL"
"NA19730","ancestry_tuned",25466584,0.395172832321659,0,0,0,0,2,3443904,1,2403068,0,0,"MXL"
"NA19733","pooled",25762433,0.399763612430587,0,0,0,0,0,0,0,0,0,0,"MXL"
"NA19733","ancestry_tuned",24352321,0.377882469952634,0,0,0,0,1,1051924,0,0,0,0,"MXL"
"NA19733","single_population",24484505,0.379933609817627,0,0,0,0,1,1051924,0,0,0,0,"MXL"
"NA19748","ancestry_tuned",20108421,0.312028565750567,0,0,0,0,1,1044508,0,0,0,0,"MXL"
"NA19748","pooled",20910405,0.324473198637202,0,0,0,0,1,1045102,0,0,0,0,"MXL"
"NA19748","single_population",19986619,0.310138526579139,0,0,0,0,1,1044508,0,0,0,0,"MXL"
"NA19751","single_population",18726533,0.290585383778799,0,0,0,0,0,0,0,0,0,0,"MXL"
"NA19751","ancestry_tuned",18711901,0.290358334525451,0,0,0,0,0,0,0,0,0,0,"MXL"
"NA19751","pooled",19539231,0.303196269105317,0,0,0,0,1,1033529,0,0,0,0,"MXL"
"NA19757","pooled",22249204,0.345247755316629,0,0,0,0,1,6776053,1,6776053,1,6776053,"MXL"
"NA19757","single_population",20869617,0.323840278670993,0,0,0,0,1,6767129,1,6767129,1,6767129,"MXL"
"NA19757","ancestry_tuned",20793822,0.322664144297187,0,0,0,0,1,6767129,1,6767129,1,6767129,"MXL"
"NA19760","pooled",17487393,0.27135726651568,0,0,0,0,1,1375444,0,0,0,0,"MXL"
"NA19760","ancestry_tuned",16107027,0.249937701886968,0,0,0,0,1,1375444,0,0,0,0,"MXL"
"NA19760","single_population",15963495,0.247710471608703,0,0,0,0,1,1375444,0,0,0,0,"MXL"
"NA19763","ancestry_tuned",21000164,0.325866016702489,0,0,0,0,1,1060530,0,0,0,0,"MXL"
"NA19763","pooled",21672302,0.336295789190665,0,0,0,0,1,1060530,0,0,0,0,"MXL"
"NA19763","single_population",21212169,0.329155763624038,0,0,0,0,1,1060530,0,0,0,0,"MXL"
"NA19772","single_population",16617284,0.25785551700901,0,0,0,0,1,1013146,0,0,0,0,"MXL"
"NA19772","ancestry_tuned",16633822,0.258112142251757,0,0,0,0,1,1013146,0,0,0,0,"MXL"
"NA19772","pooled",17086835,0.265141684584114,0,0,0,0,1,1020133,0,0,0,0,"MXL"
"NA19775","pooled",20051029,0.311137996399271,0,0,0,0,3,3719544,0,0,0,0,"MXL"
"NA19775","single_population",19298922,0.299467320292929,0,0,0,0,3,3712126,0,0,0,0,"MXL"
"NA19775","ancestry_tuned",19115498,0.296621073556587,0,0,0,0,3,3712126,0,0,0,0,"MXL"
"NA19778","pooled",16718967,0.259433363457084,0,0,0,0,1,1037020,0,0,0,0,"MXL"
"NA19778","ancestry_tuned",15431557,0.239456225727924,0,0,0,0,1,1023968,0,0,0,0,"MXL"
"NA19778","single_population",15399728,0.238962325325735,0,0,0,0,1,1030444,0,0,0,0,"MXL"
"NA19781","ancestry_tuned",17437934,0.270589795970208,0,0,0,0,0,0,0,0,0,0,"MXL"
"NA19781","single_population",17303414,0.268502407673296,0,0,0,0,0,0,0,0,0,0,"MXL"
"NA19781","pooled",18650602,0.28940713905108,0,0,0,0,1,1033529,0,0,0,0,"MXL"
"NA19784","ancestry_tuned",16874611,0.261848539372074,0,0,0,0,1,1272608,0,0,0,0,"MXL"
"NA19784","single_population",16880353,0.261937639755666,0,0,0,0,1,1272608,0,0,0,0,"MXL"
"NA19784","pooled",18062598,0.280282899769656,0,0,0,0,1,1272608,0,0,0,0,"MXL"
"NA19787","single_population",17216962,0.267160905346174,0,0,0,0,0,0,0,0,0,0,"MXL"
"NA19787","ancestry_tuned",17303335,0.26850118180595,0,0,0,0,0,0,0,0,0,0,"MXL"
"NA19787","pooled",18032673,0.27981854432225,0,0,0,0,1,1013872,0,0,0,0,"MXL"
"NA19790","pooled",19494213,0.30249771092549,0,0,0,0,1,2279453,1,2279453,0,0,"MXL"
"NA19790","single_population",18557810,0.28796725699007,0,0,0,0,1,2279453,1,2279453,0,0,"MXL"
"NA19790","ancestry_tuned",18378370,0.285182831209534,0,0,0,0,1,2279453,1,2279453,0,0,"MXL"
"NA19796","ancestry_tuned",16052858,0.249097144819949,0,0,0,0,1,1379568,0,0,0,0,"MXL"
"NA19796","pooled",17475772,0.271176939877274,0,0,0,0,1,1379568,0,0,0,0,"MXL"
"NA19796","single_population",16065891,0.249299381897511,0,0,0,0,1,1379568,0,0,0,0,"MXL"
"NA19828","ancestry_tuned",13965395,0.216705338126257,0,0,0,0,1,4240808,1,4240808,0,0,"ASW"
"NA19828","single_population",14345226,0.222599292811093,0,0,0,0,1,4238832,1,4238832,0,0,"ASW"
"NA19828","pooled",14024355,0.217620238616786,0,0,0,0,1,4311971,1,4311971,0,0,"ASW"
"NA19836","single_population",11328206,0.175783263673809,0,0,0,0,1,3059057,1,3059057,0,0,"ASW"
"NA19836","ancestry_tuned",11390885,0.176755873033474,0,0,0,0,1,3059057,1,3059057,0,0,"ASW"
"NA19836","pooled",12207468,0.189427043102287,0,0,0,0,1,3060682,1,3060682,0,0,"ASW"
"NA19902","pooled",10525318,0.163324603140576,0,0,0,0,1,1045102,0,0,0,0,"ASW"
"NA19902","single_population",8834736,0.137091321236257,0,0,0,0,1,1041132,0,0,0,0,"ASW"
"NA19902","ancestry_tuned",8969504,0.139182557825598,0,0,0,0,1,1041132,0,0,0,0,"ASW"
"NA19918","ancestry_tuned",7854460,0.121880076438881,0,0,0,0,0,0,0,0,0,0,"ASW"
"NA19918","pooled",9134779,0.141747180935708,0,0,0,0,0,0,0,0,0,0,"ASW"
"NA19918","single_population",7882443,0.122314297273794,0,0,0,0,0,0,0,0,0,0,"ASW"
"NA19919","ancestry_tuned",9234239,0.143290532407689,0,0,0,0,0,0,0,0,0,0,"ASW"
"NA19919","single_population",9275479,0.143930466197197,0,0,0,0,0,0,0,0,0,0,"ASW"
"NA19919","pooled",9405447,0.145947219707254,0,0,0,0,0,0,0,0,0,0,"ASW"
"NA19924","single_population",8514487,0.13212191880764,0,0,0,0,0,0,0,0,0,0,"ASW"
"NA19924","ancestry_tuned",9040213,0.14027977116998,0,0,0,0,0,0,0,0,0,0,"ASW"
"NA19924","pooled",9317195,0.1445777862254,0,0,0,0,0,0,0,0,0,0,"ASW"
"NA19983","pooled",9147182,0.141939642109114,0,0,0,0,0,0,0,0,0,0,"ASW"
"NA19983","single_population",8429945,0.130810054539149,0,0,0,0,0,0,0,0,0,0,"ASW"
"NA19983","ancestry_tuned",8379493,0.13002717530665,0,0,0,0,0,0,0,0,0,0,"ASW"
"NA20128","ancestry_tuned",8713807,0.135214828674874,0,0,0,0,0,0,0,0,0,0,"ASW"
"NA20128","pooled",9788213,0.15188671769161,0,0,0,0,0,0,0,0,0,0,"ASW"
"NA20128","single_population",8600018,0.133449129693926,0,0,0,0,0,0,0,0,0,0,"ASW"
"NA20129","ancestry_tuned",9117792,0.141483588421587,0,0,0,0,0,0,0,0,0,0,"ASW"
"NA20129","single_population",9883144,0.153359791274826,0,0,0,0,0,0,0,0,0,0,"ASW"
"NA20129","pooled",8862424,0.137520964465256,0,0,0,0,0,0,0,0,0,0,"ASW"
"NA20279","single_population",7475653,0.116002011477625,0,0,0,0,0,0,0,0,0,0,"ASW"
"NA20279","ancestry_tuned",11430352,0.177368294635572,0,0,0,0,1,4087223,1,4087223,0,0,"ASW"
"NA20279","pooled",13066086,0.202750483220615,0,0,0,0,1,4988280,1,4988280,0,0,"ASW"
"NA20358","pooled",10565607,0.163949779970001,0,0,0,0,0,0,0,0,0,0,"ASW"
"NA20358","single_population",9501005,0.147430022642701,0,0,0,0,0,0,0,0,0,0,"ASW"
"NA20358","ancestry_tuned",9444252,0.146549368851335,0,0,0,0,0,0,0,0,0,0,"ASW"
