"Population","comparison","ancestry_unsupported_count","comparator_unsupported_count","ancestry_truth_coverage","comparator_truth_coverage","count_pass","truth_coverage_pass","criterion_pass"
"ACB","pooled",0.3,0.35,0.215189873417722,0.215189873417722,TRUE,TRUE,TRUE
"ACB","single_population",0.3,0.3,0.215189873417722,0.215189873417722,FALSE,TRUE,FALSE
"ASW","pooled",0.307692307692308,0.307692307692308,0,0,FALSE,TRUE,FALSE
"ASW","single_population",0.307692307692308,0.230769230769231,0,0,FALSE,TRUE,FALSE
"CEU","single_population",0.631578947368421,0.614035087719298,0.121739130434783,0.121739130434783,TRUE,TRUE,TRUE
"CHS","single_population",0.823529411764706,0.823529411764706,0,0,TRUE,TRUE,TRUE
"CLM","pooled",0.885714285714286,0.914285714285714,0.309452415699776,0.309452415699776,TRUE,TRUE,TRUE
"CLM","single_population",0.885714285714286,0.942857142857143,0.309452415699776,0.309452415699776,TRUE,TRUE,TRUE
"ESN","single_population",0.418604651162791,0.418604651162791,0.153846153846154,0.153846153846154,TRUE,TRUE,TRUE
"MXL","pooled",0.75,0.875,0.283018867924528,0.283018867924528,TRUE,TRUE,TRUE
"MXL","single_population",0.75,0.75,0.283018867924528,0.283018867924528,FALSE,TRUE,FALSE
"PEL","pooled",1.82857142857143,1.88571428571429,0.078125,0.078125,TRUE,TRUE,TRUE
"PEL","single_population",1.82857142857143,1.8,0.078125,0.078125,FALSE,TRUE,FALSE
"PUR","pooled",0.514285714285714,0.514285714285714,0.596468175438597,0.596468175438597,FALSE,TRUE,FALSE
"PUR","single_population",0.514285714285714,0.428571428571429,0.596468175438597,0.596468175438597,FALSE,TRUE,FALSE
"YRI","single_population",0.392857142857143,0.392857142857143,0.467576791808874,0.467576791808874,TRUE,TRUE,TRUE
