"Population","comparison","truth_bp","ancestry_unsupported_count","comparator_unsupported_count","ancestry_truth_coverage","comparator_truth_coverage","count_pass","truth_coverage_pass","criterion_pass"
"ACB","pooled",1700000,0.3,0.35,1,1,TRUE,TRUE,TRUE
"ACB","single_population",1700000,0.3,0.3,1,1,FALSE,TRUE,FALSE
"ASW","pooled",0,0.307692307692308,0.307692307692308,NA,NA,FALSE,NA,FALSE
"ASW","single_population",0,0.307692307692308,0.230769230769231,NA,NA,FALSE,NA,FALSE
"CEU","single_population",0,0.631578947368421,0.614035087719298,NA,NA,TRUE,NA,NA
"CHS","single_population",0,0.823529411764706,0.823529411764706,NA,NA,TRUE,NA,NA
"CLM","pooled",5900000,0.885714285714286,0.914285714285714,0.988368305084746,0.988368305084746,TRUE,TRUE,TRUE
"CLM","single_population",5900000,0.885714285714286,0.942857142857143,0.988368305084746,0.988368305084746,TRUE,TRUE,TRUE
"ESN","single_population",1000000,0.418604651162791,0.418604651162791,1,1,TRUE,TRUE,TRUE
"MXL","pooled",1500000,0.75,0.875,1,1,TRUE,TRUE,TRUE
"MXL","single_population",1500000,0.75,0.75,1,1,FALSE,TRUE,FALSE
"PEL","pooled",1000000,1.82857142857143,1.88571428571429,1,1,TRUE,TRUE,TRUE
"PEL","single_population",1000000,1.82857142857143,1.8,1,1,FALSE,TRUE,FALSE
"PUR","pooled",17000000,0.514285714285714,0.514285714285714,0.999961352941176,0.999961352941176,FALSE,TRUE,FALSE
"PUR","single_population",17000000,0.514285714285714,0.428571428571429,0.999961352941176,0.999961352941176,FALSE,TRUE,FALSE
"YRI","single_population",11100000,0.392857142857143,0.392857142857143,1,1,TRUE,TRUE,TRUE
