"sample_id","status","cor_pred","used_variants","top1","q1","top2","q2","top3","q3","Population","Superpopulation"
"HG01881","ok",0.666544703908624,108757,"Africa (West)",0.6719351,"Africa (South)",0.1530835,"Europe (North East)",0.0900547,"ACB","AFR"
"HG01884","ok",0.709213825819762,108757,"Africa (West)",1,"Africa (East)",0,"Africa (North)",0,"ACB","AFR"
"HG01887","ok",0.671865327747144,108757,"Africa (West)",0.8260681,"Europe (North East)",0.1219623,"United Kingdom",0.0519697,"ACB","AFR"
"HG01888","ok",0.674974223191679,108757,"Africa (West)",0.7408906,"Africa (North)",0.1260828,"Africa (South)",0.0613725,"ACB","AFR"
"HG01891","ok",0.714727477761276,108757,"Africa (West)",0.9711409,"Middle East",0.019437,"Philippines",0.0094221,"ACB","AFR"
"HG01895","ok",0.676381389443756,108757,"Africa (West)",0.8770534,"Europe (South West)",0.1229466,"Africa (East)",0,"ACB","AFR"
"HG01897","ok",0.708374589220898,108757,"Africa (West)",0.9908038,"Asia (East)",0.0091962,"Africa (East)",0,"ACB","AFR"
"HG01916","ok",0.654537633097535,108757,"Africa (West)",0.4087474,"Africa (South)",0.2463873,"United Kingdom",0.1977314,"ACB","AFR"
"HG01959","ok",0.691620284328128,108757,"Africa (West)",0.9086135,"Middle East",0.0690283,"Japan",0.0126771,"ACB","AFR"
"HG01960","ok",0.6326194120777,108757,"Africa (West)",0.5564886,"Europe (South West)",0.283508,"United Kingdom",0.097534,"ACB","AFR"
"HG01987","ok",0.703638390487417,108757,"Africa (West)",0.9439756,"Africa (South)",0.0560244,"Africa (East)",0,"ACB","AFR"
"HG02011","ok",0.65587958036087,108757,"Africa (West)",0.5504195,"Africa (South)",0.1852896,"United Kingdom",0.0936973,"ACB","AFR"
"HG02055","ok",0.681708623061271,108757,"Africa (West)",0.8709833,"Ashkenazi",0.0950673,"Africa (South)",0.0182327,"ACB","AFR"
"HG02145","ok",0.71007432036705,108757,"Africa (West)",0.9808111,"Africa (South)",0.0191889,"Africa (East)",0,"ACB","AFR"
"HG02257","ok",0.643832348424533,108757,"Africa (West)",0.60579,"Ireland",0.1925649,"Pakistan",0.1159365,"ACB","AFR"
"HG02258","ok",0.69404280109484,108757,"Africa (West)",0.8065519,"Africa (South)",0.1226414,"Ireland",0.0708068,"ACB","AFR"
"HG02280","ok",0.663142716541549,108757,"Africa (West)",0.7630123,"Ireland",0.1631268,"Africa (South)",0.0414715,"ACB","AFR"
"HG02316","ok",0.692005532557499,108757,"Africa (West)",0.9007242,"Ireland",0.0796006,"United Kingdom",0.0181069,"ACB","AFR"
"HG02321","ok",0.69274457434172,108757,"Africa (West)",0.7796105,"Africa (East)",0.1385742,"Ireland",0.0562778,"ACB","AFR"
"HG02451","ok",0.711023853854015,108757,"Africa (West)",0.9746462,"Finland",0.0231473,"Asia (East)",0.0022065,"ACB","AFR"
"NA19702","ok",0.68931019313841,108757,"Africa (South)",0.4740017,"Africa (West)",0.3646106,"Africa (North)",0.1613877,"ASW","AFR"
"NA19705","ok",0.715429057661482,108757,"Africa (West)",0.991326,"Africa (South)",0.008674,"Africa (East)",0,"ASW","AFR"
"NA19828","ok",0.640518974181037,108757,"Africa (West)",0.3318901,"Africa (South)",0.2273842,"Sri Lanka",0.1274354,"ASW","AFR"
"NA19836","ok",0.671950578450553,108757,"Africa (West)",0.8486691,"Finland",0.0892998,"Europe (North East)",0.0216286,"ASW","AFR"
"NA19902","ok",0.689614629495281,108757,"Africa (West)",0.6270103,"Africa (South)",0.2822224,"Ireland",0.0433514,"ASW","AFR"
"NA19918","ok",0.704459510296714,108757,"Africa (West)",0.7602045,"Africa (South)",0.2397955,"Africa (East)",0,"ASW","AFR"
"NA19919","ok",0.669916693950391,108757,"Africa (West)",0.6599524,"Africa (South)",0.1938444,"Middle East",0.0750792,"ASW","AFR"
"NA19924","ok",0.640346677013273,108757,"Africa (West)",0.4296113,"Scandinavia",0.2158808,"Africa (South)",0.1798456,"ASW","AFR"
"NA19983","ok",0.674841365122741,108757,"Africa (West)",0.4776929,"Africa (South)",0.284415,"Ireland",0.2088823,"ASW","AFR"
"NA20128","ok",0.675421880296579,108757,"Africa (West)",0.8412146,"Ashkenazi",0.1442769,"Africa (North)",0.0106367,"ASW","AFR"
"NA20129","ok",0.652659248652676,108757,"Africa (West)",0.5032834,"Europe (South West)",0.4120651,"Ashkenazi",0.0594568,"ASW","AFR"
"NA20279","ok",0.663772989991138,108757,"Africa (West)",0.6907621,"Ireland",0.1278978,"Finland",0.0974362,"ASW","AFR"
"NA20358","ok",0.675461915197204,108757,"Africa (West)",0.4711235,"Africa (South)",0.4216988,"South America",0.0589725,"ASW","AFR"
"NA06991","ok",0.664563444580019,108757,"Ireland",0.4924487,"Finland",0.2503159,"Italy",0.1274947,"CEU","EUR"
"NA06995","ok",0.65661090931253,108757,"United Kingdom",0.3995969,"Ireland",0.2655797,"Europe (South West)",0.1654717,"CEU","EUR"
"NA06997","ok",0.689415754725126,108757,"Ireland",0.5415973,"United Kingdom",0.2029694,"Europe (South West)",0.1698787,"CEU","EUR"
"NA07014","ok",0.642725439165158,108757,"Scandinavia",0.4500795,"Ireland",0.4224183,"Europe (North East)",0.0496851,"CEU","EUR"
"NA07019","ok",0.66950495897528,108757,"United Kingdom",0.5327905,"Middle East",0.2834739,"Ireland",0.0998442,"CEU","EUR"
"NA07029","ok",0.658525519479824,108757,"United Kingdom",0.4457516,"Scandinavia",0.3009351,"Africa (North)",0.1669778,"CEU","EUR"
"NA07048","ok",0.680882448167337,108757,"Scandinavia",0.9083061,"Europe (North East)",0.0530521,"Philippines",0.0386418,"CEU","EUR"
"NA07348","ok",0.65742879946766,108757,"Scandinavia",0.8820709,"Finland",0.0949277,"Philippines",0.0213109,"CEU","EUR"
"NA07349","ok",0.662195481656508,108757,"Europe (North East)",0.3470236,"Europe (South West)",0.2226427,"Finland",0.1682003,"CEU","EUR"
"NA10830","ok",0.687064166518649,108757,"Ireland",0.4291941,"Finland",0.2567953,"Europe (North East)",0.1845205,"CEU","EUR"
"NA10831","ok",0.654055517753682,108757,"Europe (South West)",0.3909354,"Ireland",0.3399364,"United Kingdom",0.2478014,"CEU","EUR"
"NA10835","ok",0.681027620234463,108757,"Scandinavia",0.3662731,"Europe (North East)",0.3384524,"Ireland",0.2952744,"CEU","EUR"
"NA10836","ok",0.66493972272956,108757,"United Kingdom",0.6476389,"Ireland",0.2759326,"Europe (South West)",0.06743,"CEU","EUR"
"NA10837","ok",0.651031051082497,108757,"Scandinavia",0.4559802,"Europe (South West)",0.320803,"United Kingdom",0.1007368,"CEU","EUR"
"NA10838","ok",0.650007711263738,108757,"Scandinavia",0.4143492,"Europe (North East)",0.1857222,"Ireland",0.1099059,"CEU","EUR"
"NA10839","ok",0.67876233296701,108757,"Ireland",0.7326355,"United Kingdom",0.129125,"Africa (North)",0.0778612,"CEU","EUR"
"NA10840","ok",0.678312123457059,108757,"Europe (North East)",0.6351772,"Europe (South West)",0.3648228,"Africa (East)",0,"CEU","EUR"
"NA10842","ok",0.647107686959291,108757,"Ireland",0.4623927,"Italy",0.2508923,"Europe (South East)",0.1142108,"CEU","EUR"
"NA10843","ok",0.65670407815463,108757,"Scandinavia",0.45442,"Europe (North East)",0.2374935,"Pakistan",0.170026,"CEU","EUR"
"NA10845","ok",0.655818584478001,108757,"Ireland",0.5233147,"Europe (North East)",0.1868616,"United Kingdom",0.0982745,"CEU","EUR"
"NA10846","ok",0.657664761672565,108757,"United Kingdom",0.5444257,"Europe (South West)",0.2207696,"Finland",0.162644,"CEU","EUR"
"NA10847","ok",0.633659246364584,108757,"United Kingdom",0.5961184,"Italy",0.292715,"Scandinavia",0.0606625,"CEU","EUR"
"NA10851","ok",0.68613363984132,108757,"Scandinavia",0.8878821,"Ireland",0.1121179,"Africa (East)",0,"CEU","EUR"
"NA10852","ok",0.649750698710136,108757,"Scandinavia",0.587774,"United Kingdom",0.2658238,"Asia (East)",0.062791,"CEU","EUR"
"NA10854","ok",0.68951437118794,108757,"United Kingdom",0.4020615,"Finland",0.3122782,"Europe (South West)",0.158068,"CEU","EUR"
"NA10855","ok",0.661035807258613,108757,"United Kingdom",0.7578551,"Ashkenazi",0.1380538,"Africa (South)",0.0472571,"CEU","EUR"
"NA10856","ok",0.641340019580577,108757,"Ireland",0.4521447,"Scandinavia",0.28674,"Europe (South West)",0.1201186,"CEU","EUR"
"NA10857","ok",0.684582060464792,108757,"Europe (South West)",0.5400914,"Scandinavia",0.2764884,"Finland",0.0961422,"CEU","EUR"
"NA10859","ok",0.650774940195062,108757,"Ireland",0.8003702,"Ashkenazi",0.1507426,"South America",0.0281325,"CEU","EUR"
"NA10860","ok",0.675364345610897,108757,"Scandinavia",0.6334223,"Europe (North East)",0.2497073,"Finland",0.0925955,"CEU","EUR"
"NA10861","ok",0.666161179580755,108757,"Ireland",0.5553223,"United Kingdom",0.2555101,"Scandinavia",0.1488106,"CEU","EUR"
"NA10863","ok",0.671149880342576,108757,"Ireland",0.9722932,"Japan",0.0216113,"Africa (South)",0.0060954,"CEU","EUR"
"NA10864","ok",0.689229671137066,108757,"Ireland",0.4369625,"Finland",0.2481297,"Italy",0.2136225,"CEU","EUR"
"NA10865","ok",0.684305273275456,108757,"United Kingdom",0.5033039,"Europe (South West)",0.2615083,"Finland",0.1115205,"CEU","EUR"
"NA12329","ok",0.690980070960975,108757,"Ireland",0.7379835,"United Kingdom",0.20194,"Middle East",0.0368533,"CEU","EUR"
"NA12335","ok",0.674339173446115,108757,"Europe (South West)",0.5385378,"Ireland",0.2638318,"Finland",0.1895867,"CEU","EUR"
"NA12336","ok",0.665488105348855,108757,"Europe (South West)",0.4362325,"United Kingdom",0.41623,"Europe (North East)",0.0910688,"CEU","EUR"
"NA12344","ok",0.648445813899602,108757,"Europe (South West)",0.5153462,"Italy",0.4316709,"Sri Lanka",0.0424768,"CEU","EUR"
"NA12376","ok",0.659140456023281,108757,"Ireland",0.6537178,"Europe (South West)",0.3143186,"Philippines",0.0319635,"CEU","EUR"
"NA12386","ok",0.639657260427163,108757,"Italy",0.5015843,"Europe (South West)",0.3336757,"United Kingdom",0.08516,"CEU","EUR"
"NA12485","ok",0.67386710351162,108757,"Ireland",0.5270072,"Europe (South East)",0.3376582,"Europe (South West)",0.1353347,"CEU","EUR"
"NA12707","ok",0.67521060300813,108757,"Europe (South West)",0.6394204,"Ireland",0.3024275,"Asia (East)",0.0404855,"CEU","EUR"
"NA12739","ok",0.655812358031602,108757,"United Kingdom",0.8967121,"Ireland",0.0680961,"Africa (West)",0.0213343,"CEU","EUR"
"NA12740","ok",0.665239914857061,108757,"Ireland",0.6884881,"Pakistan",0.1586884,"Finland",0.0982845,"CEU","EUR"
"NA12752","ok",0.659467762654183,108757,"Ireland",0.614583,"Finland",0.2699528,"Middle East",0.102454,"CEU","EUR"
"NA12753","ok",0.661003142597046,108757,"Europe (South West)",0.9117375,"South America",0.0511344,"Ireland",0.0249814,"CEU","EUR"
"NA12766","ok",0.658588464796472,108757,"Europe (South West)",0.4241883,"Scandinavia",0.3695276,"South America",0.0786895,"CEU","EUR"
"NA12767","ok",0.673430003600711,108757,"United Kingdom",0.3156811,"Italy",0.312132,"Europe (South West)",0.1716979,"CEU","EUR"
"NA12801","ok",0.682078580539743,108757,"Europe (South East)",0.4874896,"Europe (South West)",0.4078849,"Ireland",0.0788026,"CEU","EUR"
"NA12802","ok",0.67373237103283,108757,"Scandinavia",0.5938666,"Europe (North East)",0.2074596,"Ireland",0.1883187,"CEU","EUR"
"NA12817","ok",0.681296155123853,108757,"Scandinavia",0.8159158,"Ashkenazi",0.1601084,"Asia (East)",0.0239758,"CEU","EUR"
"NA12818","ok",0.663012214364658,108757,"Ireland",0.4910682,"Europe (North East)",0.1901143,"Scandinavia",0.181179,"CEU","EUR"
"NA12832","ok",0.656175564626766,108757,"Ireland",0.6802537,"Europe (South West)",0.2656096,"Finland",0.0541367,"CEU","EUR"
"NA12864","ok",0.651358975506522,108757,"Europe (South West)",0.7864431,"Ireland",0.191994,"Finland",0.0215629,"CEU","EUR"
"NA12865","ok",0.666835678749672,108757,"Europe (South East)",0.6190101,"Ireland",0.2434929,"Europe (North East)",0.1112824,"CEU","EUR"
"NA12877","ok",0.697056835805697,108757,"Scandinavia",0.4812477,"United Kingdom",0.4441858,"Europe (South West)",0.0745665,"CEU","EUR"
"NA12878","ok",0.666425257448349,108757,"Ireland",0.8511899,"Finland",0.0940984,"Sri Lanka",0.0440896,"CEU","EUR"
"HG00405","ok",0.675630996697779,108757,"Asia (East)",0.6358314,"Japan",0.3389504,"Philippines",0.0244219,"CHS","EAS"
"HG00408","ok",0.703579203716414,108757,"Asia (East)",0.8756563,"Japan",0.0957431,"Africa (East)",0.0286006,"CHS","EAS"
"HG00420","ok",0.685769044296084,108757,"Asia (East)",0.875338,"Philippines",0.0776667,"South America",0.0469953,"CHS","EAS"
"HG00423","ok",0.72415217972676,108757,"Asia (East)",0.6302761,"Philippines",0.2004164,"Japan",0.1693075,"CHS","EAS"
"HG00429","ok",0.711257330701742,108757,"Asia (East)",0.8821187,"Japan",0.0986451,"Africa (West)",0.0124331,"CHS","EAS"
"HG00438","ok",0.719471081997923,108757,"Asia (East)",0.955123,"Japan",0.044877,"Africa (East)",0,"CHS","EAS"
"HG00444","ok",0.702543782878214,108757,"Asia (East)",0.7297563,"Japan",0.1868275,"Sri Lanka",0.0810903,"CHS","EAS"
"HG00447","ok",0.712072301085978,108757,"Asia (East)",0.8973916,"Japan",0.0916209,"Africa (East)",0.0109875,"CHS","EAS"
"HG00450","ok",0.71598295024079,108757,"Asia (East)",0.919425,"Japan",0.0264271,"Ashkenazi",0.0258517,"CHS","EAS"
"HG00453","ok",0.692721023240357,108757,"Asia (East)",0.7766691,"Japan",0.2233309,"Africa (East)",0,"CHS","EAS"
"HG00459","ok",0.701005764961915,108757,"Asia (East)",0.8908057,"Japan",0.1091943,"Africa (East)",0,"CHS","EAS"
"HG00465","ok",0.701941685724469,108757,"Asia (East)",0.7419159,"Japan",0.214383,"South America",0.0437012,"CHS","EAS"
"HG00474","ok",0.716411189925445,108757,"Asia (East)",0.8789044,"Japan",0.1210956,"Africa (East)",0,"CHS","EAS"
"HG00477","ok",0.705489198594155,108757,"Asia (East)",0.8559015,"Japan",0.1223908,"Finland",0.0217077,"CHS","EAS"
"HG00480","ok",0.707693719536333,108757,"Asia (East)",0.7751071,"Japan",0.2248929,"Africa (East)",0,"CHS","EAS"
"HG00502","ok",0.722061727285724,108757,"Asia (East)",0.7903385,"Japan",0.2096615,"Africa (East)",0,"CHS","EAS"
"HG00514","ok",0.702756485595264,108757,"Asia (East)",0.6607329,"Japan",0.278303,"Europe (North East)",0.0609641,"CHS","EAS"
"HG00526","ok",0.717395243944992,108757,"Asia (East)",0.9656469,"Japan",0.0343531,"Africa (East)",0,"CHS","EAS"
"HG00532","ok",0.728948504556261,108757,"Asia (East)",1,"Africa (East)",0,"Africa (North)",0,"CHS","EAS"
"HG00535","ok",0.685791178136102,108757,"Asia (East)",0.8653494,"Japan",0.0860662,"Finland",0.0485844,"CHS","EAS"
"HG00538","ok",0.68634625068846,108757,"Asia (East)",0.7713975,"Japan",0.1724113,"Sri Lanka",0.0381922,"CHS","EAS"
"HG00544","ok",0.676234812472667,108757,"Asia (East)",0.8195553,"Japan",0.1396328,"Europe (North East)",0.0209893,"CHS","EAS"
"HG00558","ok",0.71105370454715,108757,"Asia (East)",0.8475735,"Japan",0.1524265,"Africa (East)",0,"CHS","EAS"
"HG00561","ok",0.701223469559858,108757,"Asia (East)",0.7754077,"Japan",0.1939119,"Africa (East)",0.0306804,"CHS","EAS"
"HG00567","ok",0.704808126869687,108757,"Asia (East)",0.7622128,"Japan",0.2377872,"Africa (East)",0,"CHS","EAS"
"HG00579","ok",0.679152150399071,108757,"Asia (East)",0.8177816,"Japan",0.0976973,"Sri Lanka",0.0845211,"CHS","EAS"
"HG00582","ok",0.699400451084906,108757,"Asia (East)",0.7984635,"Japan",0.1398837,"Sri Lanka",0.0332679,"CHS","EAS"
"HG00585","ok",0.691890860264498,108757,"Asia (East)",1,"Africa (East)",0,"Africa (North)",0,"CHS","EAS"
"HG00591","ok",0.702269405420411,108757,"Asia (East)",0.6014791,"Japan",0.3015604,"Ashkenazi",0.032984,"CHS","EAS"
"HG00594","ok",0.711622596685445,108757,"Asia (East)",0.7218759,"Japan",0.2516036,"Bangladesh",0.0265206,"CHS","EAS"
"HG00597","ok",0.71479735449342,108757,"Asia (East)",0.8792794,"Japan",0.1207206,"Africa (East)",0,"CHS","EAS"
"HG00609","ok",0.733680087092503,108757,"Asia (East)",0.9352828,"South America",0.0409611,"Japan",0.0237562,"CHS","EAS"
"HG00612","ok",0.738894073184147,108757,"Asia (East)",0.8389418,"Japan",0.1610582,"Africa (East)",0,"CHS","EAS"
"HG00615","ok",0.696134623512047,108757,"Asia (East)",0.9741182,"Ashkenazi",0.0154221,"Japan",0.0070677,"CHS","EAS"
"HG00621","ok",0.706371533130001,108757,"Asia (East)",0.7556275,"Japan",0.2332103,"Italy",0.0111622,"CHS","EAS"
"HG00627","ok",0.716936880106431,108757,"Asia (East)",0.6780424,"Philippines",0.2718163,"Sri Lanka",0.0501413,"CHS","EAS"
"HG00630","ok",0.70887682845577,108757,"Asia (East)",0.9283506,"Japan",0.0716494,"Africa (East)",0,"CHS","EAS"
"HG00636","ok",0.714954830181326,108757,"Asia (East)",0.7945932,"Japan",0.2054068,"Africa (East)",0,"CHS","EAS"
"HG00652","ok",0.712494214211885,108757,"Asia (East)",0.9852047,"Sri Lanka",0.0147953,"Africa (East)",0,"CHS","EAS"
"HG00655","ok",0.724107162501425,108757,"Asia (East)",0.8204812,"Japan",0.1310766,"Philippines",0.0484422,"CHS","EAS"
"HG00658","ok",0.713643008241941,108757,"Asia (East)",0.940179,"Sri Lanka",0.0469611,"Finland",0.0097859,"CHS","EAS"
"HG00664","ok",0.70992988206957,108757,"Asia (East)",0.9897748,"South America",0.0102252,"Africa (East)",0,"CHS","EAS"
"HG00673","ok",0.713903328050603,108757,"Asia (East)",0.9590597,"Japan",0.0409403,"Africa (East)",0,"CHS","EAS"
"HG00685","ok",0.701017191760426,108757,"Asia (East)",0.942941,"Sri Lanka",0.057059,"Africa (East)",0,"CHS","EAS"
"HG00691","ok",0.695768715359759,108757,"Asia (East)",0.9838848,"Ashkenazi",0.0082878,"Africa (South)",0.0078273,"CHS","EAS"
"HG00694","ok",0.729871568737669,108757,"Asia (East)",0.8852301,"Philippines",0.1082843,"Ireland",0.0064857,"CHS","EAS"
"HG00700","ok",0.724239758323164,108757,"Asia (East)",0.8990853,"Japan",0.1009147,"Africa (East)",0,"CHS","EAS"
"HG00702","ok",0.719817144334915,108757,"Asia (East)",0.9026,"Japan",0.0380221,"Philippines",0.0308138,"CHS","EAS"
"HG00703","ok",0.709710983072878,108757,"Asia (East)",0.9426325,"Philippines",0.0363044,"Pakistan",0.0210631,"CHS","EAS"
"HG00706","ok",0.678584764577964,108757,"Asia (East)",0.8825973,"Japan",0.1107857,"Africa (West)",0.006617,"CHS","EAS"
"HG00709","ok",0.692179804986348,108757,"Asia (East)",0.9397862,"Japan",0.0514987,"South America",0.0087151,"CHS","EAS"
"HG01114","ok",0.657554511207138,108757,"Europe (South West)",0.5188856,"Europe (South East)",0.3021367,"Sri Lanka",0.0802648,"CLM","AMR"
"HG01126","ok",0.630057418605844,108757,"South America",0.9506193,"Philippines",0.0471553,"Africa (South)",0.0022254,"CLM","AMR"
"HG01135","ok",0.651846663478804,108757,"Europe (South West)",0.7012048,"South America",0.195324,"Europe (North East)",0.0899957,"CLM","AMR"
"HG01138","ok",0.664093831548923,108757,"Italy",0.7266135,"South America",0.1517217,"Europe (South East)",0.0670452,"CLM","AMR"
"HG01141","ok",0.637531158165844,108757,"Europe (South West)",0.4727559,"Africa (West)",0.2167939,"South America",0.2161444,"CLM","AMR"
"HG01150","ok",0.635829046016892,108757,"Europe (South West)",0.7103171,"South America",0.1319569,"Asia (East)",0.0554697,"CLM","AMR"
"HG01252","ok",0.688188004815122,108757,"South America",0.9856594,"Europe (South West)",0.0143406,"Africa (East)",0,"CLM","AMR"
"HG01255","ok",0.624587351059537,108757,"South America",0.6376502,"Europe (South West)",0.214642,"Italy",0.055985,"CLM","AMR"
"HG01258","ok",0.666355850380367,108757,"Europe (South West)",0.454897,"Europe (North East)",0.327172,"South America",0.1473029,"CLM","AMR"
"HG01261","ok",0.62222326534402,108757,"South America",0.4875465,"Africa (West)",0.1571546,"Africa (North)",0.121373,"CLM","AMR"
"HG01273","ok",0.639471671981186,108757,"South America",0.4651956,"Italy",0.2116648,"Ashkenazi",0.1078513,"CLM","AMR"
"HG01276","ok",0.640189909871092,108757,"South America",0.7540888,"Scandinavia",0.10363,"Ashkenazi",0.0837293,"CLM","AMR"
"HG01279","ok",0.658021187365708,108757,"South America",0.6508107,"Europe (South West)",0.2226334,"Ashkenazi",0.0816477,"CLM","AMR"
"HG01343","ok",0.695701631101996,108757,"South America",0.9711214,"Japan",0.0288786,"Africa (East)",0,"CLM","AMR"
"HG01346","ok",0.671388212587553,108757,"South America",0.4208424,"Europe (South West)",0.2997509,"Finland",0.1074588,"CLM","AMR"
"HG01349","ok",0.668743170620633,108757,"South America",0.9116836,"Japan",0.0727815,"Finland",0.0155349,"CLM","AMR"
"HG01352","ok",0.702075337529928,108757,"South America",1,"Africa (East)",0,"Africa (North)",0,"CLM","AMR"
"HG01355","ok",0.639808414530233,108757,"South America",0.569502,"Europe (South West)",0.339092,"Italy",0.0816549,"CLM","AMR"
"HG01358","ok",0.649846923146885,108757,"South America",0.6397826,"Europe (South West)",0.2469783,"Africa (West)",0.0669506,"CLM","AMR"
"HG01361","ok",0.655150261079161,108757,"Europe (South West)",0.3183089,"Africa (West)",0.1922685,"United Kingdom",0.1722939,"CLM","AMR"
"HG01367","ok",0.644935352566347,108757,"South America",0.7269784,"Africa (West)",0.1775361,"Africa (East)",0.0471044,"CLM","AMR"
"HG01376","ok",0.667554266455951,108757,"Europe (North East)",0.3398212,"Europe (South West)",0.2950267,"South America",0.2857474,"CLM","AMR"
"HG01379","ok",0.669222770561877,108757,"South America",0.4765862,"Europe (South West)",0.3615186,"Ireland",0.1377864,"CLM","AMR"
"HG01385","ok",0.651022737535281,108757,"South America",0.5708485,"Europe (South West)",0.2377146,"Finland",0.1077158,"CLM","AMR"
"HG01391","ok",0.653865037558588,108757,"South America",0.3682102,"Italy",0.3584849,"Africa (West)",0.1453932,"CLM","AMR"
"HG01433","ok",0.657887916742394,108757,"South America",0.5059329,"Europe (South West)",0.4873614,"Philippines",0.0067057,"CLM","AMR"
"HG01439","ok",0.670345523508584,108757,"Ireland",0.4567931,"Europe (South West)",0.2105031,"South America",0.1338856,"CLM","AMR"
"HG01457","ok",0.65857119503847,108757,"South America",0.3421095,"Italy",0.321535,"Europe (South West)",0.3165189,"CLM","AMR"
"HG01463","ok",0.645972975810139,108757,"South America",0.5370018,"Scandinavia",0.2564646,"Africa (South)",0.0965151,"CLM","AMR"
"HG01466","ok",0.643432230797372,108757,"Europe (South West)",0.4869009,"Italy",0.2046538,"South America",0.1667096,"CLM","AMR"
"HG01490","ok",0.640595371141294,108757,"South America",0.3055376,"Europe (South West)",0.2699579,"Scandinavia",0.2411325,"CLM","AMR"
"HG01493","ok",0.651372417531171,108757,"Europe (South West)",0.603374,"South America",0.3753636,"Finland",0.0212624,"CLM","AMR"
"HG01496","ok",0.674867466954366,108757,"South America",0.6872536,"Middle East",0.1054252,"Europe (North East)",0.0976941,"CLM","AMR"
"HG01499","ok",0.648696680752364,108757,"South America",0.5002603,"Europe (South West)",0.269195,"Scandinavia",0.196825,"CLM","AMR"
"HG01552","ok",0.632384042639571,108757,"Europe (South West)",0.452083,"South America",0.3470759,"Africa (South)",0.1984284,"CLM","AMR"
"HG02924","ok",0.718209849515568,108757,"Africa (West)",1,"Africa (East)",0,"Africa (North)",0,"ESN","AFR"
"HG02945","ok",0.722313231621875,108757,"Africa (West)",0.9687129,"Africa (South)",0.0279701,"South America",0.003317,"ESN","AFR"
"HG02948","ok",0.715128506034767,108757,"Africa (West)",0.8464234,"Africa (South)",0.1535766,"Africa (East)",0,"ESN","AFR"
"HG02954","ok",0.706323115279127,108757,"Africa (West)",0.8480227,"Africa (South)",0.1519773,"Africa (East)",0,"ESN","AFR"
"HG02966","ok",0.719383815117492,108757,"Africa (West)",1,"Africa (East)",0,"Africa (North)",0,"ESN","AFR"
"HG02972","ok",0.70970612661653,108757,"Africa (West)",1,"Africa (East)",0,"Africa (North)",0,"ESN","AFR"
"HG02975","ok",0.709714119297976,108757,"Africa (West)",1,"Africa (East)",0,"Africa (North)",0,"ESN","AFR"
"HG02978","ok",0.699415632490344,108757,"Africa (West)",0.983863,"Philippines",0.0145568,"Japan",0.0015802,"ESN","AFR"
"HG02980","ok",0.703092838589752,108757,"Africa (West)",0.7221433,"Africa (South)",0.2778567,"Africa (East)",0,"ESN","AFR"
"HG03101","ok",0.702349678866222,108757,"Africa (West)",0.9838987,"Africa (South)",0.0161013,"Africa (East)",0,"ESN","AFR"
"HG03110","ok",0.709180634525228,108757,"Africa (West)",1,"Africa (East)",0,"Africa (North)",0,"ESN","AFR"
"HG03113","ok",0.710961311361522,108757,"Africa (West)",0.8737279,"Africa (South)",0.1262721,"Africa (East)",0,"ESN","AFR"
"HG03116","ok",0.704457658151063,108757,"Africa (West)",1,"Africa (East)",0,"Africa (North)",0,"ESN","AFR"
"HG03119","ok",0.699338610923496,108757,"Africa (West)",0.9590149,"Africa (South)",0.0373372,"Philippines",0.0020575,"ESN","AFR"
"HG03122","ok",0.716867488297819,108757,"Africa (West)",0.9982239,"Philippines",0.0017761,"Africa (East)",0,"ESN","AFR"
"HG03125","ok",0.716733333006833,108757,"Africa (West)",1,"Africa (East)",0,"Africa (North)",0,"ESN","AFR"
"HG03128","ok",0.709271373317976,108757,"Africa (West)",0.8701822,"Africa (South)",0.1298178,"Africa (East)",0,"ESN","AFR"
"HG03131","ok",0.70142325252118,108757,"Africa (West)",0.8759414,"Africa (South)",0.1139234,"Africa (East)",0.0101352,"ESN","AFR"
"HG03134","ok",0.712506397162865,108757,"Africa (West)",1,"Africa (East)",0,"Africa (North)",0,"ESN","AFR"
"HG03137","ok",0.719165166813115,108757,"Africa (West)",1,"Africa (East)",0,"Africa (North)",0,"ESN","AFR"
"HG03161","ok",0.699084811089536,108757,"Africa (West)",0.9659311,"Europe (South West)",0.0234246,"Ireland",0.0106443,"ESN","AFR"
"HG03164","ok",0.707294541225398,108757,"Africa (West)",0.7491935,"Africa (South)",0.2444478,"Philippines",0.0063586,"ESN","AFR"
"HG03170","ok",0.70048992388866,108757,"Africa (West)",1,"Africa (East)",0,"Africa (North)",0,"ESN","AFR"
"HG03191","ok",0.710692005619177,108757,"Africa (West)",0.6305911,"Africa (South)",0.3694089,"Africa (East)",0,"ESN","AFR"
"HG03197","ok",0.710779588451786,108757,"Africa (West)",0.8390484,"Africa (South)",0.1609516,"Africa (East)",0,"ESN","AFR"
"HG03200","ok",0.701876827888363,108757,"Africa (West)",0.8454241,"Africa (South)",0.1045406,"Philippines",0.0279818,"ESN","AFR"
"HG03269","ok",0.705271258410987,108757,"Africa (West)",0.6693063,"Africa (South)",0.3110042,"Philippines",0.0196894,"ESN","AFR"
"HG03272","ok",0.716331169322442,108757,"Africa (West)",0.9151687,"Africa (South)",0.0848313,"Africa (East)",0,"ESN","AFR"
"HG03296","ok",0.702062196347891,108757,"Africa (West)",0.9200577,"Africa (South)",0.0799423,"Africa (East)",0,"ESN","AFR"
"HG03299","ok",0.718342371085719,108757,"Africa (West)",1,"Africa (East)",0,"Africa (North)",0,"ESN","AFR"
"HG03302","ok",0.714573829373181,108757,"Africa (West)",1,"Africa (East)",0,"Africa (North)",0,"ESN","AFR"
"HG03305","ok",0.713233610505347,108757,"Africa (West)",0.9889505,"Africa (South)",0.0110495,"Africa (East)",0,"ESN","AFR"
"HG03308","ok",0.705983663691617,108757,"Africa (West)",0.9992542,"Pakistan",0.0007458,"Africa (East)",0,"ESN","AFR"
"HG03310","ok",0.68753310596586,108757,"Africa (West)",1,"Africa (East)",0,"Africa (North)",0,"ESN","AFR"
"HG03314","ok",0.698517300801675,108757,"Africa (West)",0.9992414,"Japan",0.0007586,"Africa (East)",0,"ESN","AFR"
"HG03344","ok",0.712789193301472,108757,"Africa (West)",1,"Africa (East)",0,"Africa (North)",0,"ESN","AFR"
"HG03350","ok",0.715325123669941,108757,"Africa (West)",1,"Africa (East)",0,"Africa (North)",0,"ESN","AFR"
"HG03368","ok",0.716677475343289,108757,"Africa (West)",0.815491,"Africa (South)",0.184509,"Africa (East)",0,"ESN","AFR"
"HG03371","ok",0.722758430443334,108757,"Africa (West)",1,"Africa (East)",0,"Africa (North)",0,"ESN","AFR"
"HG03374","ok",0.716559870714159,108757,"Africa (West)",0.9576371,"Africa (South)",0.0423629,"Africa (East)",0,"ESN","AFR"
"HG03516","ok",0.699357122663995,108757,"Africa (West)",0.9698389,"Africa (South)",0.0301611,"Africa (East)",0,"ESN","AFR"
"HG03519","ok",0.695033722419043,108757,"Africa (West)",0.9913172,"Africa (South)",0.0086828,"Africa (East)",0,"ESN","AFR"
"HG03522","ok",0.7013402022122,108757,"Africa (West)",0.9149184,"Africa (South)",0.0691696,"Philippines",0.015912,"ESN","AFR"
"NA19650","ok",0.662878653619031,108757,"United Kingdom",0.2863967,"Ashkenazi",0.2564482,"Ireland",0.1667,"MXL","AMR"
"NA19653","ok",0.655935567771792,108757,"South America",0.4703924,"Italy",0.3497954,"Middle East",0.1124564,"MXL","AMR"
"NA19656","ok",0.64755737376128,108757,"South America",0.6771973,"Africa (West)",0.1092062,"Italy",0.0811497,"MXL","AMR"
"NA19659","ok",0.662965335924097,108757,"South America",0.4043388,"Europe (South West)",0.2284091,"Europe (South East)",0.1852743,"MXL","AMR"
"NA19662","ok",0.63477254749967,108757,"Italy",0.3652438,"South America",0.3444229,"Ashkenazi",0.1173226,"MXL","AMR"
"NA19665","ok",0.65503256693488,108757,"South America",0.7919086,"Africa (West)",0.1545453,"Asia (East)",0.0408441,"MXL","AMR"
"NA19671","ok",0.647403103714859,108757,"South America",0.6522756,"Italy",0.1548867,"Finland",0.075379,"MXL","AMR"
"NA19675","ok",0.645847322924893,108757,"South America",0.4462747,"Middle East",0.1666006,"Africa (West)",0.1333914,"MXL","AMR"
"NA19677","ok",0.639436577332575,108757,"South America",0.8993808,"Africa (West)",0.1006192,"Africa (East)",0,"MXL","AMR"
"NA19680","ok",0.620531537118013,108757,"United Kingdom",0.3389108,"South America",0.2804579,"Africa (West)",0.1730747,"MXL","AMR"
"NA19683","ok",0.680936339966841,108757,"South America",0.956525,"Finland",0.036347,"Philippines",0.007128,"MXL","AMR"
"NA19685","ok",0.635885640533683,108757,"Europe (South West)",0.363218,"South America",0.2772581,"Ashkenazi",0.0994988,"MXL","AMR"
"NA19686","ok",0.641315653935309,108757,"South America",0.5399405,"Europe (South West)",0.3143188,"Sri Lanka",0.0610812,"MXL","AMR"
"NA19718","ok",0.670446312450103,108757,"South America",1,"Africa (East)",0,"Africa (North)",0,"MXL","AMR"
"NA19721","ok",0.664804292685674,108757,"South America",0.8791022,"Japan",0.0928195,"Africa (West)",0.0280783,"MXL","AMR"
"NA19724","ok",0.63108971965085,108757,"South America",0.6178723,"Africa (North)",0.207704,"Europe (South West)",0.0657226,"MXL","AMR"
"NA19727","ok",0.667097496420845,108757,"South America",0.9339698,"Europe (North East)",0.0409618,"Ireland",0.0250684,"MXL","AMR"
"NA19730","ok",0.709481425046443,108757,"South America",0.8229041,"Japan",0.1770959,"Africa (East)",0,"MXL","AMR"
"NA19733","ok",0.704653054265808,108757,"South America",0.9227638,"Japan",0.0772362,"Africa (East)",0,"MXL","AMR"
"NA19748","ok",0.66257789099036,108757,"South America",0.6922189,"Europe (South East)",0.1661613,"Ireland",0.0752999,"MXL","AMR"
"NA19751","ok",0.638091408766356,108757,"South America",0.4059719,"Europe (South West)",0.2442571,"Finland",0.1434678,"MXL","AMR"
"NA19757","ok",0.664753982952965,108757,"South America",0.8854126,"Japan",0.1145874,"Africa (East)",0,"MXL","AMR"
"NA19760","ok",0.660633035002277,108757,"South America",0.9634177,"Japan",0.0242549,"Asia (East)",0.0123274,"MXL","AMR"
"NA19763","ok",0.671731712186242,108757,"South America",0.9816036,"Asia (East)",0.0183964,"Africa (East)",0,"MXL","AMR"
"NA19772","ok",0.654195215560452,108757,"South America",0.3148408,"Ireland",0.245907,"Italy",0.1754877,"MXL","AMR"
"NA19775","ok",0.672287730036625,108757,"South America",0.7403025,"Italy",0.2596975,"Africa (East)",0,"MXL","AMR"
"NA19778","ok",0.678547214677217,108757,"South America",1,"Africa (East)",0,"Africa (North)",0,"MXL","AMR"
"NA19781","ok",0.676514760241025,108757,"South America",0.9416719,"Japan",0.0583281,"Africa (East)",0,"MXL","AMR"
"NA19784","ok",0.700754733160392,108757,"South America",1,"Africa (East)",0,"Africa (North)",0,"MXL","AMR"
"NA19787","ok",0.671011618103043,108757,"South America",1,"Africa (East)",0,"Africa (North)",0,"MXL","AMR"
"NA19790","ok",0.707600821085508,108757,"South America",1,"Africa (East)",0,"Africa (North)",0,"MXL","AMR"
"NA19796","ok",0.661644088351617,108757,"South America",0.6677571,"Italy",0.192233,"Finland",0.1137135,"MXL","AMR"
"HG01567","ok",0.672281864841543,108757,"South America",0.8697873,"Ireland",0.083183,"Middle East",0.0470297,"PEL","AMR"
"HG01573","ok",0.696247253714115,108757,"South America",1,"Africa (East)",0,"Africa (North)",0,"PEL","AMR"
"HG01579","ok",0.674707064134181,108757,"South America",1,"Africa (East)",0,"Africa (North)",0,"PEL","AMR"
"HG01898","ok",0.686623102445656,108757,"South America",1,"Africa (East)",0,"Africa (North)",0,"PEL","AMR"
"HG01919","ok",0.712382715466661,108757,"South America",1,"Africa (East)",0,"Africa (North)",0,"PEL","AMR"
"HG01922","ok",0.702302573954955,108757,"South America",1,"Africa (East)",0,"Africa (North)",0,"PEL","AMR"
"HG01925","ok",0.703461231888587,108757,"South America",1,"Africa (East)",0,"Africa (North)",0,"PEL","AMR"
"HG01928","ok",0.711470260451321,108757,"South America",1,"Africa (East)",0,"Africa (North)",0,"PEL","AMR"
"HG01934","ok",0.700229032199772,108757,"South America",1,"Africa (East)",0,"Africa (North)",0,"PEL","AMR"
"HG01937","ok",0.708730305639312,108757,"South America",1,"Africa (East)",0,"Africa (North)",0,"PEL","AMR"
"HG01940","ok",0.71864202397928,108757,"South America",1,"Africa (East)",0,"Africa (North)",0,"PEL","AMR"
"HG01943","ok",0.707786285017056,108757,"South America",1,"Africa (East)",0,"Africa (North)",0,"PEL","AMR"
"HG01946","ok",0.707019965589453,108757,"South America",0.7793585,"Japan",0.1832736,"Asia (East)",0.0373679,"PEL","AMR"
"HG01949","ok",0.667622436761957,108757,"South America",0.9178702,"Finland",0.0766775,"Europe (North East)",0.0054522,"PEL","AMR"
"HG01952","ok",0.704836270900801,108757,"South America",1,"Africa (East)",0,"Africa (North)",0,"PEL","AMR"
"HG01955","ok",0.708507710027714,108757,"South America",1,"Africa (East)",0,"Africa (North)",0,"PEL","AMR"
"HG01969","ok",0.709997618795708,108757,"South America",1,"Africa (East)",0,"Africa (North)",0,"PEL","AMR"
"HG01972","ok",0.67815481806498,108757,"South America",0.9203543,"Japan",0.0796457,"Africa (East)",0,"PEL","AMR"
"HG01975","ok",0.689167126152372,108757,"South America",1,"Africa (East)",0,"Africa (North)",0,"PEL","AMR"
"HG01978","ok",0.701429047515567,108757,"South America",1,"Africa (East)",0,"Africa (North)",0,"PEL","AMR"
"HG01981","ok",0.692159049995145,108757,"South America",1,"Africa (East)",0,"Africa (North)",0,"PEL","AMR"
"HG01984","ok",0.684019926055158,108757,"South America",1,"Africa (East)",0,"Africa (North)",0,"PEL","AMR"
"HG01993","ok",0.688766069042429,108757,"South America",1,"Africa (East)",0,"Africa (North)",0,"PEL","AMR"
"HG01998","ok",0.669809578662431,108757,"South America",0.9190726,"Philippines",0.064371,"Ashkenazi",0.0091582,"PEL","AMR"
"HG02004","ok",0.713697651407905,108757,"South America",1,"Africa (East)",0,"Africa (North)",0,"PEL","AMR"
"HG02091","ok",0.703963718596294,108757,"South America",1,"Africa (East)",0,"Africa (North)",0,"PEL","AMR"
"HG02106","ok",0.697037580634562,108757,"South America",0.9807778,"Japan",0.0192222,"Africa (East)",0,"PEL","AMR"
"HG02148","ok",0.697682166433497,108757,"South America",1,"Africa (East)",0,"Africa (North)",0,"PEL","AMR"
"HG02261","ok",0.697962615347919,108757,"South America",1,"Africa (East)",0,"Africa (North)",0,"PEL","AMR"
"HG02273","ok",0.715434265716469,108757,"South America",1,"Africa (East)",0,"Africa (North)",0,"PEL","AMR"
"HG02279","ok",0.701336610658865,108757,"South America",1,"Africa (East)",0,"Africa (North)",0,"PEL","AMR"
"HG02287","ok",0.700709942641046,108757,"South America",1,"Africa (East)",0,"Africa (North)",0,"PEL","AMR"
"HG02293","ok",0.705652349937558,108757,"South America",1,"Africa (East)",0,"Africa (North)",0,"PEL","AMR"
"HG02300","ok",0.694480085770454,108757,"South America",0.9249401,"Japan",0.0750599,"Africa (East)",0,"PEL","AMR"
"HG02303","ok",0.706953468554958,108757,"South America",1,"Africa (East)",0,"Africa (North)",0,"PEL","AMR"
"HG00552","ok",0.658527128335777,108757,"Europe (South West)",0.3550796,"Ireland",0.2098479,"Africa (North)",0.126137,"PUR","AMR"
"HG00555","ok",0.623496815601008,108757,"South America",0.4795366,"Africa (West)",0.2162109,"Europe (South West)",0.1903011,"PUR","AMR"
"HG00639","ok",0.662327504024392,108757,"Europe (South West)",0.4297311,"Italy",0.2287816,"Ashkenazi",0.1053009,"PUR","AMR"
"HG00642","ok",0.631728208849095,108757,"Europe (South West)",0.3513731,"Europe (North East)",0.2891243,"South America",0.1379209,"PUR","AMR"
"HG00733","ok",0.668807318978429,108757,"Italy",0.4782097,"South America",0.1924019,"Europe (South West)",0.1477329,"PUR","AMR"
"HG00735","ok",0.656024327216883,108757,"Europe (South West)",0.5078377,"South America",0.4472723,"Japan",0.04489,"PUR","AMR"
"HG00738","ok",0.629692457110554,108757,"Italy",0.4218789,"Ireland",0.3158587,"Africa (West)",0.1995012,"PUR","AMR"
"HG00741","ok",0.640441643131124,108757,"Europe (South West)",0.3886805,"Africa (South)",0.3088564,"South America",0.1158579,"PUR","AMR"
"HG01050","ok",0.640553859109358,108757,"South America",0.4780434,"Africa (North)",0.1692426,"Middle East",0.1659896,"PUR","AMR"
"HG01053","ok",0.645981472452941,108757,"South America",0.3709186,"Africa (West)",0.2939613,"Ashkenazi",0.1936688,"PUR","AMR"
"HG01056","ok",0.647570911608562,108757,"Italy",0.4855854,"South America",0.2644317,"Africa (North)",0.1307298,"PUR","AMR"
"HG01062","ok",0.649193818630902,108757,"South America",0.436229,"Europe (South West)",0.3105434,"Finland",0.2034998,"PUR","AMR"
"HG01068","ok",0.632166865487294,108757,"Europe (South West)",0.492819,"Europe (South East)",0.1626905,"Africa (North)",0.1001013,"PUR","AMR"
"HG01071","ok",0.649516395576859,108757,"Italy",0.4537084,"Africa (North)",0.3090387,"Finland",0.1714683,"PUR","AMR"
"HG01074","ok",0.658728355854064,108757,"South America",0.3858714,"Italy",0.2634326,"Europe (South West)",0.2368819,"PUR","AMR"
"HG01081","ok",0.635670258657013,108757,"Italy",0.3869237,"Europe (South West)",0.3261168,"Africa (East)",0.1955625,"PUR","AMR"
"HG01084","ok",0.637471600425889,108757,"South America",0.3010737,"Ireland",0.2430506,"Italy",0.2305706,"PUR","AMR"
"HG01087","ok",0.646507890726639,108757,"South America",0.4386522,"Scandinavia",0.2564767,"Ashkenazi",0.0881031,"PUR","AMR"
"HG01096","ok",0.644611826267816,108757,"Europe (South West)",0.3881494,"Ashkenazi",0.192017,"Finland",0.1732996,"PUR","AMR"
"HG01099","ok",0.656950162060286,108757,"Europe (South West)",0.608626,"Italy",0.1457553,"Ireland",0.1257747,"PUR","AMR"
"HG01100","ok",0.65090712170516,108757,"Africa (North)",0.2710477,"Italy",0.192511,"Ireland",0.1521703,"PUR","AMR"
"HG01103","ok",0.628280232033176,108757,"Europe (South West)",0.6333794,"Africa (South)",0.1100083,"Africa (East)",0.0889799,"PUR","AMR"
"HG01106","ok",0.64385320019099,108757,"Ireland",0.2271744,"South America",0.1934797,"Finland",0.1760999,"PUR","AMR"
"HG01109","ok",0.647914901684117,108757,"Africa (West)",0.4509251,"South America",0.3239986,"Africa (South)",0.1623804,"PUR","AMR"
"HG01169","ok",0.614565676730236,108757,"South America",0.4682476,"Italy",0.2394485,"Ashkenazi",0.1489946,"PUR","AMR"
"HG01172","ok",0.630711604278666,108757,"Europe (South East)",0.5496359,"Europe (South West)",0.2355304,"South America",0.0723503,"PUR","AMR"
"HG01175","ok",0.627942914663862,108757,"Italy",0.6058707,"South America",0.2612666,"Africa (East)",0.0654505,"PUR","AMR"
"HG01178","ok",0.636061854617219,108757,"South America",0.3097088,"Middle East",0.1664625,"Italy",0.1644532,"PUR","AMR"
"HG01184","ok",0.65049945663644,108757,"Europe (South West)",0.6819247,"South America",0.2069653,"Africa (West)",0.0805122,"PUR","AMR"
"HG01189","ok",0.634731404231132,108757,"South America",0.5956318,"Africa (West)",0.1643807,"Europe (North East)",0.1263874,"PUR","AMR"
"HG01192","ok",0.62808142864385,108757,"Italy",0.8386373,"South America",0.156617,"Philippines",0.0047458,"PUR","AMR"
"HG01199","ok",0.642419564520571,108757,"Ireland",0.3274743,"Africa (North)",0.1838707,"Europe (South West)",0.1721318,"PUR","AMR"
"HG01206","ok",0.656524966479529,108757,"Europe (South West)",0.3573299,"South America",0.280639,"Ireland",0.1622943,"PUR","AMR"
"HG01243","ok",0.662032498103808,108757,"Africa (West)",0.4105533,"Africa (South)",0.2390892,"South America",0.1718749,"PUR","AMR"
"HG01249","ok",0.628253065534904,108757,"Italy",0.4558841,"South America",0.2677333,"Scandinavia",0.2032737,"PUR","AMR"
"NA18484","ok",0.711421063347946,108757,"Africa (West)",1,"Africa (East)",0,"Africa (North)",0,"YRI","AFR"
"NA18485","ok",0.71826544317393,108757,"Africa (West)",0.9697409,"Africa (South)",0.0302591,"Africa (East)",0,"YRI","AFR"
"NA18497","ok",0.717923459610741,108757,"Africa (West)",0.996832,"Japan",0.003168,"Africa (East)",0,"YRI","AFR"
"NA18500","ok",0.710695442431391,108757,"Africa (West)",0.9621658,"Africa (South)",0.0378342,"Africa (East)",0,"YRI","AFR"
"NA18503","ok",0.710153397083343,108757,"Africa (West)",0.9963279,"Africa (East)",0.0036721,"Africa (North)",0,"YRI","AFR"
"NA18506","ok",0.699581118882602,108757,"Africa (West)",0.9992499,"Africa (East)",0.0007501,"Africa (North)",0,"YRI","AFR"
"NA18515","ok",0.724494406243177,108757,"Africa (West)",1,"Africa (East)",0,"Africa (North)",0,"YRI","AFR"
"NA18518","ok",0.714643741528192,108757,"Africa (West)",1,"Africa (East)",0,"Africa (North)",0,"YRI","AFR"
"NA18521","ok",0.720380127804205,108757,"Africa (West)",1,"Africa (East)",0,"Africa (North)",0,"YRI","AFR"
"NA18854","ok",0.718810640384253,108757,"Africa (West)",0.999691,"Asia (East)",0.000309,"Africa (East)",0,"YRI","AFR"
"NA18857","ok",0.684552269355183,108757,"Africa (West)",0.9242754,"Africa (East)",0.0757246,"Africa (North)",0,"YRI","AFR"
"NA18860","ok",0.710416804374794,108757,"Africa (West)",1,"Africa (East)",0,"Africa (North)",0,"YRI","AFR"
"NA18863","ok",0.712417587465315,108757,"Africa (West)",1,"Africa (East)",0,"Africa (North)",0,"YRI","AFR"
"NA18869","ok",0.710837268871912,108757,"Africa (West)",0.9502075,"Africa (East)",0.0497925,"Africa (North)",0,"YRI","AFR"
"NA18872","ok",0.715018648723444,108757,"Africa (West)",1,"Africa (East)",0,"Africa (North)",0,"YRI","AFR"
"NA18875","ok",0.692001285621435,108757,"Africa (West)",0.9351453,"Africa (South)",0.0383159,"Asia (East)",0.0114764,"YRI","AFR"
"NA18906","ok",0.69821968794672,108757,"Africa (West)",0.7249269,"Africa (South)",0.2572808,"Philippines",0.0077682,"YRI","AFR"
"NA18911","ok",0.704336940107016,108757,"Africa (West)",0.9534298,"Asia (East)",0.0264738,"Africa (East)",0.0200964,"YRI","AFR"
"NA18914","ok",0.706137379511296,108757,"Africa (West)",0.9945261,"Sri Lanka",0.0038709,"Asia (East)",0.0016031,"YRI","AFR"
"NA18925","ok",0.701482602716015,108757,"Africa (West)",0.9968077,"South America",0.0031923,"Africa (East)",0,"YRI","AFR"
"NA18930","ok",0.721856659223111,108757,"Africa (West)",0.9524352,"Africa (South)",0.0475648,"Africa (East)",0,"YRI","AFR"
"NA18935","ok",0.714739363229909,108757,"Africa (West)",1,"Africa (East)",0,"Africa (North)",0,"YRI","AFR"
"NA19094","ok",0.699172845570523,108757,"Africa (West)",0.9829332,"Sri Lanka",0.0170668,"Africa (East)",0,"YRI","AFR"
"NA19097","ok",0.716385298590577,108757,"Africa (West)",0.9920497,"Japan",0.0059845,"Africa (South)",0.0019658,"YRI","AFR"
"NA19100","ok",0.709939790259244,108757,"Africa (West)",1,"Africa (East)",0,"Africa (North)",0,"YRI","AFR"
"NA19103","ok",0.715483368401051,108757,"Africa (West)",0.9854895,"Finland",0.0145105,"Africa (East)",0,"YRI","AFR"
"NA19109","ok",0.705180197669046,108757,"Africa (West)",0.8241847,"Africa (South)",0.1758153,"Africa (East)",0,"YRI","AFR"
"NA19115","ok",0.710460504231823,108757,"Africa (West)",1,"Africa (East)",0,"Africa (North)",0,"YRI","AFR"
"NA19120","ok",0.707692634658385,108757,"Africa (West)",0.9717464,"Finland",0.0273008,"Africa (South)",0.0009528,"YRI","AFR"
"NA19123","ok",0.697087495605374,108757,"Africa (West)",0.8961249,"Africa (South)",0.0991496,"Finland",0.0036012,"YRI","AFR"
"NA19129","ok",0.708486352866579,108757,"Africa (West)",0.9645408,"Africa (South)",0.0354592,"Africa (East)",0,"YRI","AFR"
"NA19132","ok",0.720588771860908,108757,"Africa (West)",1,"Africa (East)",0,"Africa (North)",0,"YRI","AFR"
"NA19139","ok",0.703141606303131,108757,"Africa (West)",0.9105626,"Africa (South)",0.0850818,"Philippines",0.0026334,"YRI","AFR"
"NA19142","ok",0.722647989702119,108757,"Africa (West)",0.8647194,"Africa (South)",0.1352806,"Africa (East)",0,"YRI","AFR"
"NA19145","ok",0.705917835535238,108757,"Africa (West)",0.8397665,"Africa (South)",0.1492775,"Sri Lanka",0.010956,"YRI","AFR"
"NA19148","ok",0.69197600200392,108757,"Africa (West)",0.7917784,"Africa (South)",0.1652662,"Pakistan",0.0384604,"YRI","AFR"
"NA19151","ok",0.705976021280304,108757,"Africa (West)",0.9669039,"Africa (South)",0.0252645,"Japan",0.0078316,"YRI","AFR"
"NA19154","ok",0.710543089040734,108757,"Africa (West)",0.9966527,"South America",0.0033473,"Africa (East)",0,"YRI","AFR"
"NA19161","ok",0.690354237346651,108757,"Africa (West)",0.987794,"Africa (North)",0.012206,"Africa (East)",0,"YRI","AFR"
"NA19173","ok",0.703856941155074,108757,"Africa (West)",1,"Africa (East)",0,"Africa (North)",0,"YRI","AFR"
"NA19174","ok",0.704304100498958,108757,"Africa (West)",0.9879074,"Africa (South)",0.0120926,"Africa (East)",0,"YRI","AFR"
"NA19177","ok",0.710952511725818,108757,"Africa (West)",1,"Africa (East)",0,"Africa (North)",0,"YRI","AFR"
"NA19186","ok",0.71341426633502,108757,"Africa (West)",1,"Africa (East)",0,"Africa (North)",0,"YRI","AFR"
"NA19191","ok",0.712307074729818,108757,"Africa (West)",1,"Africa (East)",0,"Africa (North)",0,"YRI","AFR"
"NA19199","ok",0.707817210642283,108757,"Africa (West)",0.9499904,"Africa (South)",0.0500096,"Africa (East)",0,"YRI","AFR"
"NA19202","ok",0.72080399909223,108757,"Africa (West)",0.9910726,"South America",0.0074585,"Ashkenazi",0.0014689,"YRI","AFR"
"NA19205","ok",0.712315700094739,108757,"Africa (West)",1,"Africa (East)",0,"Africa (North)",0,"YRI","AFR"
"NA19208","ok",0.700936251244552,108757,"Africa (West)",0.8988336,"Africa (South)",0.1011664,"Africa (East)",0,"YRI","AFR"
"NA19211","ok",0.712910153518033,108757,"Africa (West)",0.8419969,"Africa (South)",0.1580031,"Africa (East)",0,"YRI","AFR"
"NA19215","ok",0.706955189849016,108757,"Africa (West)",0.9977811,"Japan",0.0022189,"Africa (East)",0,"YRI","AFR"
"NA19221","ok",0.720873313288376,108757,"Africa (West)",0.9800488,"Ireland",0.0199512,"Africa (East)",0,"YRI","AFR"
"NA19224","ok",0.704663376941417,108757,"Africa (West)",0.892516,"Africa (South)",0.107484,"Africa (East)",0,"YRI","AFR"
"NA19237","ok",0.711942680863743,108757,"Africa (West)",0.9979719,"Ireland",0.0020281,"Africa (East)",0,"YRI","AFR"
"NA19240","ok",0.714415352294559,108757,"Africa (West)",0.9839592,"Sri Lanka",0.0160408,"Africa (East)",0,"YRI","AFR"
"NA19249","ok",0.713601904001976,108757,"Africa (West)",1,"Africa (East)",0,"Africa (North)",0,"YRI","AFR"
"NA19258","ok",0.710277340075041,108757,"Africa (West)",1,"Africa (East)",0,"Africa (North)",0,"YRI","AFR"
