"heterozygotes","child_windows"
0,6572
1,2840
2,2783
3,2823
4,2768
5,2742
6,2597
7,2346
8,2186
9,1930
10,1742
11,1659
12,1518
13,1316
14,1256
15,1213
16,1167
17,1124
18,1065
19,1060
20,1053
21,1093
22,1033
23,975
24,1015
25,967
26,960
27,1006
28,995
29,1010
30,1025
31,953
32,1035
33,1047
34,1050
35,1056
36,1023
37,994
38,1090
39,1032
40,1066
41,1078
42,1112
43,1100
44,1048
45,1083
46,1146
47,1196
48,1139
49,1190
50,1227
51,1184
52,1162
53,1252
54,1260
55,1164
56,1275
57,1231
58,1252
59,1312
60,1266
61,1358
62,1345
63,1302
64,1380
65,1326
66,1360
67,1361
68,1336
69,1388
70,1453
71,1532
72,1378
73,1328
74,1455
75,1445
76,1442
77,1480
78,1497
79,1532
80,1618
81,1488
82,1591
83,1620
84,1632
85,1598
86,1597
87,1566
88,1595
89,1550
90,1600
91,1585
92,1538
93,1602
94,1618
95,1594
96,1544
97,1602
98,1651
99,1547
100,1612
101,1651
102,1595
103,1592
104,1611
105,1598
106,1598
107,1509
108,1460
109,1419
110,1511
111,1529
112,1493
113,1409
114,1362
115,1311
116,1475
117,1350
118,1353
119,1346
120,1305
121,1361
122,1260
123,1313
124,1291
125,1298
126,1240
127,1247
128,1222
129,1204
130,1272
131,1141
132,1168
133,1159
134,1084
135,1071
136,1077
137,1011
138,1089
139,1038
140,1025
141,975
142,964
143,1010
144,947
145,920
146,888
147,912
148,867
149,822
150,818
151,842
152,832
153,809
154,822
155,792
156,798
157,773
158,740
159,684
160,709
161,695
162,683
163,661
164,582
165,582
166,619
167,550
168,604
169,497
170,557
171,542
172,521
173,494
174,503
175,462
176,474
177,447
178,450
179,427
180,433
181,411
182,428
183,381
184,377
185,380
186,370
187,377
188,351
189,379
190,313
191,293
192,305
193,287
194,311
195,269
196,272
197,257
198,220
199,250
200,225
201,276
202,247
203,280
204,240
205,238
206,223
207,215
208,188
209,207
210,172
211,173
212,185
213,188
214,175
215,168
216,182
217,166
218,176
219,126
220,135
221,125
222,126
223,118
224,107
225,142
226,106
227,99
228,98
229,74
230,94
231,77
232,84
233,78
234,69
235,86
236,82
237,95
238,83
239,73
240,91
241,75
242,67
243,68
244,67
245,59
246,57
247,59
248,50
249,43
250,46
251,40
252,37
253,47
254,49
255,35
256,25
257,35
258,35
259,39
260,37
261,40
262,27
263,21
264,41
265,38
266,34
267,35
268,29
269,25
270,36
271,30
272,40
273,29
274,31
275,26
276,21
277,30
278,23
279,15
280,17
281,17
282,16
283,16
284,17
285,12
286,8
287,16
288,10
289,13
290,15
291,11
292,23
293,16
294,13
295,12
296,12
297,15
298,15
299,10
300,6
301,12
302,10
303,7
304,11
305,13
306,6
307,8
308,8
309,8
310,2
311,14
312,6
313,8
314,4
315,5
316,3
317,5
318,6
319,4
320,8
321,8
322,3
323,2
324,8
325,2
326,5
327,4
328,4
329,2
331,6
332,2
333,2
334,4
335,3
336,2
338,2
339,1
340,1
341,3
342,1
343,1
344,3
345,3
346,3
347,3
348,1
349,1
350,1
351,2
352,2
353,3
354,1
355,2
356,3
358,2
359,1
360,1
361,2
362,1
364,1
365,1
366,2
367,3
368,4
369,2
370,4
371,2
372,6
373,2
374,2
375,2
376,2
377,1
378,5
379,3
380,4
381,4
382,3
383,2
384,2
385,1
386,3
387,2
388,2
390,1
393,1
395,1
396,1
398,1
400,2
401,1
404,1
407,1
415,2
416,1
419,1
422,2
424,1
425,1
432,1
433,3
434,1
443,1
457,1
459,1
463,1
466,1
475,1
491,1
501,1
504,1
508,1
573,1
