"run_date","source_revision","declared_extension_version","loaded_extension_version","duckdb_version","host","cpu","workload","output_mode","input_order","threads","variants","regions","transcripts","exons","passes","warmup_variants","min_seconds","median_seconds","max_seconds","variants_per_second","ns_per_variant","annotated_rows","checksum_kind","checksum_value"
"2026-07-11","8cc2221834baecdc832a10cf97694e717f32503c","1.4.0.9000","1.4.0.9000","v1.5.3","Ubuntu-2404-noble-amd64-base","13th Gen Intel(R) Core(TM) i5-13500","fixture_one_transcript_sorted","rich","nondecreasing_seq_region_position",1,10000000,1,1,2,3,100000,3.225,3.334,3.371,2999400.11997601,333.4,10000000,"consequence_text_bytes","1.6e+08"
"2026-07-13","87f03a2a9543a3e9a6557fa0d834bf1c13a40ad8","1.4.0.9000","1.4.0.9000","v1.5.3","Ubuntu-2404-noble-amd64-base","13th Gen Intel(R) Core(TM) i5-13500","fixture_one_transcript_sorted","rich","nondecreasing_seq_region_position",1,10000000,1,1,2,3,100000,2.812,2.824,2.825,3541076.48725212,282.4,10000000,"consequence_text_bytes","1.6e+08"
"2026-07-14","751d3c74c69c5f4432d9f68e3bbc1b7c008edce7","1.4.0.9000","1.4.0.9000","v1.5.3","Ubuntu-2404-noble-amd64-base","13th Gen Intel(R) Core(TM) i5-13500","ensembl116_grch38_giab_sites_hash40","compact","nondecreasing_seq_region_position",1,100957,25,644292,5078384,9,10000,0.104,0.107,0.114,943523.364485981,1059.85716691265,1179465,"consequence_mask_sum","292391299392"
"2026-07-14","751d3c74c69c5f4432d9f68e3bbc1b7c008edce7","1.4.0.9000","1.4.0.9000","v1.5.3","Ubuntu-2404-noble-amd64-base","13th Gen Intel(R) Core(TM) i5-13500","ensembl116_grch38_giab_sites_hash40","rich","nondecreasing_seq_region_position",1,100957,25,644292,5078384,9,10000,0.222,0.224,0.231,450700.892857143,2218.76640549937,1179465,"consequence_text_bytes","30163093"
"2026-07-14","79cfaaf2aa21e511f9b3f6b42b903e1b22763f05","1.4.0.9000","1.4.0.9000","v1.5.3","Ubuntu-2404-noble-amd64-base","13th Gen Intel(R) Core(TM) i5-13500","ensembl116_grch38_giab_sites_hash40","compact","nondecreasing_seq_region_position",1,100957,25,644292,5078384,9,10000,0.107,0.108,0.11,934787.037037036,1069.76237408005,1179465,"consequence_mask_sum","292391299392"
"2026-07-14","79cfaaf2aa21e511f9b3f6b42b903e1b22763f05","1.4.0.9000","1.4.0.9000","v1.5.3","Ubuntu-2404-noble-amd64-base","13th Gen Intel(R) Core(TM) i5-13500","ensembl116_grch38_giab_sites_hash40","rich","nondecreasing_seq_region_position",1,100957,25,644292,5078384,9,10000,0.225,0.228,0.232,442793.859649123,2258.387234169,1179465,"consequence_text_bytes","30163093"
"2026-07-14","81b9e2a7ec665909dfa3983b2b2a2564881f588e","1.4.0.9000","1.4.0.9000","v1.5.3","Ubuntu-2404-noble-amd64-base","13th Gen Intel(R) Core(TM) i5-13500","ensembl116_grch38_primary_giab_sites_hash40","compact","nondecreasing_seq_region_position",1,100957,194,646577,5087789,9,10000,0.111999999999999,0.115,0.125,877886.956521738,1139.09882425191,1179465,"consequence_mask_sum","183217278206272"
"2026-07-14","81b9e2a7ec665909dfa3983b2b2a2564881f588e","1.4.0.9000","1.4.0.9000","v1.5.3","Ubuntu-2404-noble-amd64-base","13th Gen Intel(R) Core(TM) i5-13500","ensembl116_grch38_primary_giab_sites_hash40","rich","nondecreasing_seq_region_position",1,100957,194,646577,5087789,9,10000,0.233,0.236,0.242,427783.898305085,2337.62889150826,1179465,"consequence_text_bytes","30171042"
"2026-07-14","b204dd49d3f0df496ca3eee5df7dadec0212c5e1","1.4.0.9000","1.4.0.9000","v1.5.3","Ubuntu-2404-noble-amd64-base","13th Gen Intel(R) Core(TM) i5-13500","ensembl116_grch38_final_coding_mixed_200k","compact","nondecreasing_seq_region_position",1,200000,194,644427,5068416,3,1000,58.833,59.01,59.212,3389.2560582952,295050,5757180,"consequence_mask_sum","396900469333380"
"2026-07-14","b204dd49d3f0df496ca3eee5df7dadec0212c5e1","1.4.0.9000","1.4.0.9000","v1.5.3","Ubuntu-2404-noble-amd64-base","13th Gen Intel(R) Core(TM) i5-13500","ensembl116_grch38_final_coding_nonsnv_36k","compact","nondecreasing_seq_region_position",1,36000,194,644427,5068416,5,1000,11.837,11.898,11.959,3025.71860816944,330500,1047616,"consequence_mask_sum","79339408348568"
"2026-07-14","b204dd49d3f0df496ca3eee5df7dadec0212c5e1","1.4.0.9000","1.4.0.9000","v1.5.3","Ubuntu-2404-noble-amd64-base","13th Gen Intel(R) Core(TM) i5-13500","ensembl116_grch38_final_coding_nonsnv_36k","rich","nondecreasing_seq_region_position",1,36000,194,644427,5068416,3,1000,11.903,11.952,11.978,3012.04819277108,332000,1047616,"consequence_text_bytes","25987308"
"2026-07-14","b204dd49d3f0df496ca3eee5df7dadec0212c5e1","1.4.0.9000","1.4.0.9000","v1.5.3","Ubuntu-2404-noble-amd64-base","13th Gen Intel(R) Core(TM) i5-13500","ensembl116_grch38_final_coding_snv_200k","compact","nondecreasing_seq_region_position",1,200000,194,644427,5068416,9,10000,0.69,0.693,0.718999999999999,288600.288600289,3465,5191000,"consequence_mask_sum","2034275905400"
"2026-07-14","b204dd49d3f0df496ca3eee5df7dadec0212c5e1","1.4.0.9000","1.4.0.9000","v1.5.3","Ubuntu-2404-noble-amd64-base","13th Gen Intel(R) Core(TM) i5-13500","ensembl116_grch38_final_coding_snv_200k","rich","nondecreasing_seq_region_position",1,200000,194,644427,5068416,5,10000,1.213,1.238,1.262,161550.888529887,6190,5191000,"consequence_text_bytes","126415800"
"2026-07-14","b204dd49d3f0df496ca3eee5df7dadec0212c5e1","1.4.0.9000","1.4.0.9000","v1.5.3","Ubuntu-2404-noble-amd64-base","13th Gen Intel(R) Core(TM) i5-13500","ensembl116_grch38_final_giab_sites_hash40","compact","nondecreasing_seq_region_position",1,100957,194,644427,5068416,9,10000,0.116,0.117,0.119,862880.341880342,1158.90923858672,1174245,"consequence_mask_sum","184261443698449"
"2026-07-14","b204dd49d3f0df496ca3eee5df7dadec0212c5e1","1.4.0.9000","1.4.0.9000","v1.5.3","Ubuntu-2404-noble-amd64-base","13th Gen Intel(R) Core(TM) i5-13500","ensembl116_grch38_final_giab_sites_hash40","rich","nondecreasing_seq_region_position",1,100957,194,644427,5068416,9,10000,0.239000000000001,0.244,0.263,413758.196721312,2416.87054884753,1174245,"consequence_text_bytes","30004952"
"2026-07-14","bcca6f6c79fb42845e674b1c69fa9398849fb3d2","1.4.0.9000","1.4.0.9000","v1.5.3","Ubuntu-2404-noble-amd64-base","13th Gen Intel(R) Core(TM) i5-13500","ensembl116_grch38_giab_sites_hash40","compact","nondecreasing_seq_region_position",1,100957,25,644292,5078384,9,10000,0.106,0.107,0.109,943523.364485981,1059.85716691265,1179465,"consequence_mask_sum","292391299392"
"2026-07-14","bcca6f6c79fb42845e674b1c69fa9398849fb3d2","1.4.0.9000","1.4.0.9000","v1.5.3","Ubuntu-2404-noble-amd64-base","13th Gen Intel(R) Core(TM) i5-13500","ensembl116_grch38_giab_sites_hash40","rich","nondecreasing_seq_region_position",1,100957,25,644292,5078384,9,10000,0.221,0.225,0.231,448697.777777779,2228.67161266678,1179465,"consequence_text_bytes","30163093"
"2026-07-15","7dd90ce8ce3bb7408b7a0f0a552fc26a14468719","1.4.0.9000","1.4.0.9000","v1.5.3","Ubuntu-2404-noble-amd64-base","13th Gen Intel(R) Core(TM) i5-13500","ensembl116_grch38_final_coding_mixed_200k","compact","nondecreasing_seq_region_position",1,200000,194,644427,5068416,3,1000,1.56,1.561,1.566,128122.998078155,7805,5756720,"consequence_mask_sum","396921965304320"
"2026-07-15","7dd90ce8ce3bb7408b7a0f0a552fc26a14468719","1.4.0.9000","1.4.0.9000","v1.5.3","Ubuntu-2404-noble-amd64-base","13th Gen Intel(R) Core(TM) i5-13500","ensembl116_grch38_final_coding_nonsnv_36k","compact","nondecreasing_seq_region_position",1,36000,194,644427,5068416,5,1000,0.339,0.340000000000001,0.347,105882.352941176,9444.44444444447,1047524,"consequence_mask_sum","79343707542756"
"2026-07-15","7dd90ce8ce3bb7408b7a0f0a552fc26a14468719","1.4.0.9000","1.4.0.9000","v1.5.3","Ubuntu-2404-noble-amd64-base","13th Gen Intel(R) Core(TM) i5-13500","ensembl116_grch38_final_coding_snv_200k","compact","nondecreasing_seq_region_position",1,200000,194,644427,5068416,9,10000,0.609,0.613000000000001,0.629,326264.27406199,3065.00000000001,5191000,"consequence_mask_sum","2034275905400"
"2026-07-15","7dd90ce8ce3bb7408b7a0f0a552fc26a14468719","1.4.0.9000","1.4.0.9000","v1.5.3","Ubuntu-2404-noble-amd64-base","13th Gen Intel(R) Core(TM) i5-13500","ensembl116_grch38_final_giab_sites_hash40","compact","nondecreasing_seq_region_position",1,100957,194,644427,5068416,9,10000,0.117999999999999,0.119000000000001,0.137,848378.151260499,1178.71965292155,1174245,"consequence_mask_sum","184261443699729"
"2026-07-15","f649d7247fec43fc743d1c8a610e78f778964b03","1.4.0.9000","1.4.0.9000","v1.5.3","Ubuntu-2404-noble-amd64-base","13th Gen Intel(R) Core(TM) i5-13500","ensembl116_grch38_final_coding_mixed_200k","compact","nondecreasing_seq_region_position",1,200000,194,644427,5068416,9,10000,1.438,1.48,1.495,135135.135135135,7400,5756720,"consequence_mask_sum","396921965304320"
"2026-07-15","f649d7247fec43fc743d1c8a610e78f778964b03","1.4.0.9000","1.4.0.9000","v1.5.3","Ubuntu-2404-noble-amd64-base","13th Gen Intel(R) Core(TM) i5-13500","ensembl116_grch38_final_coding_nonsnv_36k","compact","nondecreasing_seq_region_position",1,36000,194,644427,5068416,11,10000,0.324,0.326,0.334,110429.447852761,9055.55555555555,1047524,"consequence_mask_sum","79343707542756"
"2026-07-15","f649d7247fec43fc743d1c8a610e78f778964b03","1.4.0.9000","1.4.0.9000","v1.5.3","Ubuntu-2404-noble-amd64-base","13th Gen Intel(R) Core(TM) i5-13500","ensembl116_grch38_final_coding_snv_200k","compact","nondecreasing_seq_region_position",1,200000,194,644427,5068416,11,10000,0.611,0.613,0.633999999999999,326264.27406199,3065,5191000,"consequence_mask_sum","2034275905400"
"2026-07-15","f649d7247fec43fc743d1c8a610e78f778964b03","1.4.0.9000","1.4.0.9000","v1.5.3","Ubuntu-2404-noble-amd64-base","13th Gen Intel(R) Core(TM) i5-13500","ensembl116_grch38_final_giab_sites_hash40","compact","nondecreasing_seq_region_position",1,100957,194,644427,5068416,15,10000,0.118,0.119999999999999,0.132,841308.333333339,1188.62486008894,1174245,"consequence_mask_sum","184261443699729"
