"population","children","truth_runs","truth_bp","mean_froh","runs_ge_2mb","runs_ge_5mb"
"ACB",20,377,2519500000,0.0438173681078142,262,160
"ASW",13,242,1637200000,0.0438046590844419,168,104
"CEU",57,1189,7338700000,0.0447822798777,755,458
"CHS",51,1041,6544300000,0.0446328834476135,674,409
"CLM",35,832,4894244167,0.0486384256003088,529,310
"ESN",43,893,5563600000,0.0450038184402839,583,347
"MXL",32,681,4171900000,0.0453467151242781,439,259
"PEL",35,746,4581100000,0.0455264355260301,477,286
"PUR",35,858,4859400000,0.0482921483476001,525,295
"YRI",56,1106,7132100000,0.0442987343126104,745,448
