"heterozygotes","child_windows","children"
0,617955,377
1,128008,377
2,135859,377
3,144193,377
4,148526,377
5,146257,377
6,137954,377
7,123623,377
8,109645,377
9,96233,377
10,84435,377
11,75279,377
12,68058,377
13,61421,377
14,56909,377
15,52421,377
16,49704,377
17,47078,377
18,45087,377
19,43890,377
20,42938,377
21,42422,377
22,41329,377
23,40865,377
24,40640,377
25,40689,377
26,40474,377
27,41095,377
28,40920,377
29,40889,377
30,41287,377
31,41345,377
32,41608,377
33,42245,377
34,42160,377
35,42396,377
36,43216,377
37,43152,377
38,43422,377
39,43764,377
40,43722,377
41,44423,377
42,44428,377
43,45009,377
44,45218,377
45,45623,377
46,45877,377
47,46482,377
48,46971,377
49,47429,377
50,48101,377
51,48445,377
52,48992,377
53,49753,377
54,49878,377
55,50797,377
56,51243,377
57,51547,377
58,52421,377
59,53390,377
60,53771,377
61,54573,377
62,55034,377
63,55847,377
64,56412,377
65,57136,377
66,57432,377
67,58548,377
68,58623,377
69,58877,377
70,59728,377
71,60146,377
72,60339,377
73,60509,377
74,60807,377
75,61762,377
76,61962,377
77,61652,377
78,63139,377
79,62960,377
80,63835,377
81,63945,377
82,64177,377
83,64979,377
84,64986,377
85,65169,377
86,65197,377
87,65915,377
88,66016,377
89,65861,377
90,65998,377
91,66276,377
92,65268,377
93,65744,377
94,65846,377
95,65692,377
96,65781,377
97,65510,377
98,65559,377
99,65509,377
100,65077,377
101,64715,377
102,64233,377
103,63966,377
104,63584,377
105,63299,377
106,62607,377
107,62914,377
108,61568,377
109,61067,377
110,61082,377
111,60993,377
112,60316,377
113,59803,377
114,59294,377
115,58833,377
116,58347,377
117,57476,377
118,56917,377
119,56073,377
120,55804,377
121,55527,377
122,54196,377
123,53739,377
124,53272,377
125,52382,377
126,51669,377
127,51506,377
128,50309,377
129,49875,377
130,48828,377
131,48203,377
132,47859,377
133,46585,377
134,45977,377
135,45699,377
136,44775,377
137,43844,377
138,43254,377
139,42556,377
140,41978,377
141,40965,377
142,40408,377
143,39370,377
144,39192,377
145,38405,377
146,37559,377
147,36946,377
148,35971,377
149,35343,377
150,35014,377
151,34416,377
152,33891,377
153,32593,377
154,32162,377
155,31628,377
156,30818,377
157,30182,377
158,30031,377
159,28942,377
160,28494,377
161,27900,377
162,27408,377
163,26646,377
164,25898,377
165,25809,377
166,25190,377
167,24819,377
168,24065,377
169,23570,377
170,23359,377
171,22693,377
172,22217,377
173,21377,377
174,20875,377
175,20349,377
176,19971,377
177,19801,377
178,19120,377
179,18757,377
180,18542,377
181,17899,377
182,17644,377
183,17294,377
184,16580,377
185,16443,377
186,16056,377
187,15760,377
188,15271,377
189,15149,377
190,14467,377
191,14113,377
192,14058,377
193,13651,377
194,13452,377
195,13190,377
196,12986,377
197,12323,377
198,12142,377
199,11973,377
200,11548,377
201,11407,377
202,11124,377
203,10923,377
204,10665,377
205,10431,377
206,10262,377
207,9786,377
208,9610,377
209,9412,377
210,9072,377
211,9095,377
212,8705,377
213,8503,377
214,8509,377
215,8045,377
216,8047,377
217,7947,377
218,7569,377
219,7262,377
220,7407,377
221,7041,377
222,6920,377
223,6697,377
224,6533,377
225,6453,377
226,6312,377
227,6068,377
228,6069,377
229,5840,377
230,5747,377
231,5683,377
232,5474,377
233,5176,377
234,5174,377
235,4931,377
236,4930,377
237,4552,377
238,4703,377
239,4470,377
240,4393,377
241,4231,377
242,4110,377
243,4017,377
244,3993,377
245,3786,377
246,3754,377
247,3597,377
248,3494,377
249,3509,377
250,3347,377
251,3281,377
252,3291,377
253,3075,377
254,2985,377
255,2801,376
256,2835,376
257,2813,377
258,2778,377
259,2643,375
260,2578,376
261,2551,374
262,2588,373
263,2434,377
264,2425,376
265,2296,373
266,2277,376
267,2245,376
268,2109,376
269,2053,375
270,2046,372
271,1975,373
272,2004,375
273,1924,376
274,1839,372
275,1863,372
276,1757,372
277,1796,373
278,1693,370
279,1700,370
280,1621,370
281,1628,370
282,1612,366
283,1518,367
284,1476,364
285,1461,364
286,1382,360
287,1374,365
288,1341,358
289,1374,367
290,1284,359
291,1303,357
292,1225,357
293,1273,356
294,1192,353
295,1158,355
296,1170,360
297,1198,358
298,1033,351
299,1090,349
300,1033,350
301,1068,351
302,1025,357
303,994,343
304,951,338
305,886,337
306,931,325
307,859,329
308,914,335
309,822,328
310,838,329
311,837,327
312,850,335
313,789,329
314,799,320
315,755,324
316,786,321
317,798,326
318,793,316
319,743,325
320,781,327
321,746,320
322,708,311
323,650,294
324,652,288
325,602,292
326,645,307
327,622,288
328,634,306
329,595,275
330,565,289
331,600,303
332,569,302
333,574,294
334,541,285
335,574,294
336,602,303
337,604,300
338,549,292
339,518,294
340,547,293
341,535,277
342,512,273
343,534,280
344,536,285
345,514,274
346,500,272
347,485,274
348,488,274
349,540,275
350,472,269
351,521,283
352,482,273
353,468,260
354,449,268
355,432,262
356,445,259
357,409,247
358,394,235
359,407,247
360,395,260
361,384,247
362,339,224
363,346,224
364,325,222
365,350,226
366,321,209
367,310,211
368,286,193
369,316,210
370,263,185
371,243,166
372,260,195
373,243,180
374,252,176
375,240,168
376,228,172
377,271,181
378,238,179
379,242,182
380,247,177
381,253,172
382,256,186
383,249,180
384,237,181
385,253,184
386,252,179
387,239,179
388,212,158
389,185,144
390,190,150
391,189,153
392,205,158
393,180,135
394,183,144
395,188,146
396,183,147
397,194,149
398,187,143
399,174,145
400,190,146
401,155,124
402,169,134
403,163,137
404,189,148
405,169,139
406,170,138
407,161,129
408,167,140
409,151,126
410,166,134
411,192,146
412,157,122
413,164,129
414,149,124
415,148,127
416,149,120
417,170,128
418,155,128
419,173,149
420,135,113
421,131,111
422,116,105
423,129,108
424,123,111
425,133,116
426,117,99
427,121,105
428,112,95
429,83,76
430,88,79
431,89,75
432,97,85
433,95,86
434,97,78
435,86,79
436,83,72
437,76,67
438,72,65
439,71,65
440,58,50
441,64,57
442,68,64
443,69,60
444,75,66
445,72,70
446,76,69
447,65,55
448,73,62
449,58,53
450,79,72
451,63,58
452,77,68
453,56,52
454,62,59
455,55,50
456,55,50
457,61,59
458,58,51
459,48,42
460,53,48
461,47,44
462,64,60
463,55,50
464,58,52
465,60,57
466,55,49
467,61,57
468,63,56
469,49,46
470,52,49
471,55,51
472,66,62
473,71,65
474,56,55
475,58,54
476,58,56
477,43,42
478,45,39
479,44,42
480,43,40
481,26,23
482,40,37
483,34,33
484,33,32
485,47,44
486,52,49
487,41,39
488,63,59
489,50,45
490,50,48
491,61,59
492,59,57
493,64,61
494,63,55
495,74,66
496,80,74
497,56,52
498,55,51
499,43,41
500,51,48
501,49,45
502,45,43
503,42,39
504,52,49
505,52,47
506,42,42
507,33,33
508,32,31
509,28,28
510,38,36
511,32,29
512,27,27
513,25,25
514,15,15
515,34,33
516,13,13
517,19,19
518,23,23
519,18,17
520,30,30
521,27,27
522,26,26
523,18,18
524,30,28
525,27,26
526,32,32
527,30,29
528,36,36
529,37,36
530,26,25
531,43,41
532,28,24
533,29,29
534,31,31
535,32,32
536,29,29
537,20,19
538,27,27
539,31,31
540,25,25
541,31,31
542,37,33
543,32,31
544,27,26
545,33,31
546,27,27
547,38,34
548,26,26
549,13,13
550,25,24
551,33,30
552,32,31
553,27,27
554,23,22
555,30,30
556,17,17
557,24,24
558,18,18
559,23,23
560,21,21
561,30,29
562,14,14
563,26,25
564,23,22
565,19,19
566,19,19
567,14,14
568,14,14
569,12,11
570,15,15
571,15,15
572,18,18
573,14,13
574,10,10
575,17,17
576,10,10
577,13,13
578,30,28
579,18,17
580,21,20
581,24,24
582,19,19
583,25,22
584,20,20
585,19,19
586,19,19
587,20,20
588,17,17
589,17,17
590,24,24
591,16,16
592,12,12
593,13,13
594,18,18
595,14,13
596,8,8
597,12,12
598,9,9
599,13,13
600,8,7
601,11,11
602,11,11
603,11,11
604,11,11
605,15,13
606,14,13
607,7,7
608,13,12
609,7,7
610,8,8
611,12,10
612,9,9
613,14,14
614,8,8
615,11,11
616,10,10
617,4,4
618,17,16
619,9,9
620,10,10
621,5,5
622,10,10
623,11,11
624,4,4
625,6,6
626,7,7
627,6,6
628,10,10
629,4,4
630,8,7
631,7,7
632,6,6
633,9,9
634,9,9
635,12,12
636,4,4
637,9,9
638,6,6
639,9,9
640,10,10
641,6,6
642,13,13
643,13,13
644,6,6
645,6,6
646,7,7
647,13,13
648,12,12
649,6,6
650,14,14
651,14,14
652,10,10
653,6,5
654,9,9
655,5,5
656,7,7
657,4,4
658,9,9
659,3,3
660,7,7
661,11,11
662,12,12
663,6,6
664,12,11
665,13,13
666,16,16
667,10,10
668,16,16
669,5,5
670,4,4
671,8,8
672,7,7
673,9,9
674,7,7
675,4,4
676,7,7
677,4,4
678,12,12
679,11,11
680,6,6
681,10,9
682,6,6
683,4,4
684,6,6
685,7,7
686,8,8
687,5,5
688,5,5
689,2,2
690,8,8
691,8,8
692,9,9
693,12,12
694,9,9
695,8,8
696,12,12
697,4,4
698,5,5
699,7,7
700,5,5
701,7,7
702,4,4
703,2,2
704,9,9
705,6,6
706,8,8
707,7,7
708,7,7
709,6,6
710,3,3
711,7,7
712,9,9
713,10,10
714,4,4
715,8,8
716,8,8
717,7,7
718,8,8
719,3,3
720,8,8
721,6,6
722,1,1
723,2,2
724,4,4
725,2,2
726,3,3
727,4,4
728,3,3
729,3,3
730,5,5
731,2,2
732,4,4
733,3,3
734,4,4
735,4,4
736,2,2
737,6,6
738,4,4
739,3,3
740,3,3
741,1,1
742,5,5
743,6,6
744,3,3
745,1,1
746,3,3
747,2,2
748,1,1
749,4,4
750,4,4
751,2,2
752,9,9
753,7,7
754,8,8
755,4,4
756,5,5
757,5,5
758,5,5
759,9,9
760,10,10
761,7,7
762,8,8
763,8,8
764,10,10
765,7,7
766,17,17
767,10,10
768,10,10
769,7,7
770,19,18
771,8,8
772,8,8
773,6,6
774,6,6
775,12,12
776,13,13
777,5,5
778,14,14
779,5,5
780,2,2
781,7,7
782,7,7
783,6,6
784,4,4
785,7,7
786,3,3
787,7,7
788,4,4
789,4,4
791,3,3
792,5,5
793,1,1
794,5,5
795,6,6
796,5,5
797,2,2
798,5,5
799,1,1
800,9,9
801,3,3
802,4,4
803,3,3
804,2,2
805,6,6
806,4,4
807,2,2
808,1,1
809,4,4
810,5,5
811,3,3
812,8,8
813,3,3
814,4,4
815,4,4
816,3,3
817,11,11
818,6,6
819,5,5
820,7,7
821,1,1
822,7,7
823,6,6
824,4,4
825,7,7
826,4,4
827,6,6
828,3,3
829,2,2
830,1,1
831,3,3
832,1,1
833,5,5
834,1,1
835,5,5
836,3,3
837,3,3
838,2,2
840,2,2
841,5,5
842,3,3
843,3,3
844,2,2
846,6,6
847,4,4
848,5,5
849,4,4
850,7,7
851,6,6
852,3,3
853,4,4
854,2,2
855,6,6
856,4,4
857,5,5
858,5,5
859,6,6
860,4,4
861,7,7
862,3,3
863,1,1
864,2,2
865,1,1
866,2,2
867,3,3
868,6,6
869,3,3
870,4,4
871,5,5
872,3,3
873,4,4
874,1,1
875,2,2
876,8,8
877,3,3
878,4,4
879,3,3
880,3,3
881,5,5
882,5,5
883,5,5
884,3,3
885,7,7
886,3,3
887,9,9
888,5,5
889,5,5
890,7,7
891,4,4
892,4,4
893,2,2
894,5,5
895,4,4
896,1,1
897,4,3
898,4,4
899,1,1
900,1,1
901,8,8
902,5,5
903,3,3
904,5,5
905,4,4
906,3,3
907,5,5
908,5,5
909,2,2
910,9,9
911,5,5
912,10,10
913,7,7
914,10,10
915,5,5
916,7,7
917,6,6
918,9,9
919,8,8
920,10,9
921,7,7
922,7,7
923,2,2
924,4,4
925,7,7
926,5,5
927,6,6
928,6,6
929,2,2
930,8,8
931,2,2
932,1,1
933,4,4
934,1,1
935,3,3
936,2,2
937,3,3
938,2,2
939,2,2
940,5,5
941,1,1
942,2,2
943,4,4
944,2,2
945,2,2
946,5,5
947,5,5
948,3,3
949,3,3
950,5,5
951,2,2
952,3,3
953,2,2
954,2,2
955,2,2
956,2,2
957,4,4
958,2,2
960,2,2
962,3,3
964,1,1
965,2,2
966,5,5
967,1,1
968,3,3
969,1,1
970,2,2
971,3,3
972,5,5
973,2,2
974,1,1
975,1,1
977,3,3
979,2,2
980,2,2
981,1,1
982,1,1
983,3,3
985,4,4
986,1,1
987,3,3
989,4,4
991,1,1
992,1,1
993,1,1
994,1,1
995,1,1
996,5,5
997,1,1
998,3,3
999,2,2
1000,5,5
1001,2,2
1002,2,2
1003,1,1
1004,1,1
1006,1,1
1007,3,3
1008,1,1
1009,2,2
1010,6,5
1011,1,1
1012,2,2
1013,1,1
1015,1,1
1016,1,1
1020,1,1
1022,2,2
1024,1,1
1025,2,2
1026,2,2
1027,1,1
1030,3,3
1031,2,2
1034,2,2
1035,1,1
1036,1,1
1037,1,1
1039,2,2
1041,3,3
1043,4,4
1044,1,1
1045,2,2
1047,2,2
1050,1,1
1051,1,1
1052,1,1
1053,2,2
1054,3,3
1055,2,2
1056,4,4
1057,1,1
1058,2,2
1059,1,1
1060,1,1
1062,3,3
1063,1,1
1067,4,4
1068,4,4
1069,1,1
1070,2,2
1071,2,2
1072,4,4
1073,1,1
1074,1,1
1075,2,2
1077,2,2
1080,2,2
1081,1,1
1082,4,4
1083,2,2
1087,1,1
1088,3,3
1089,2,2
1090,1,1
1091,1,1
1092,3,3
1093,1,1
1094,2,2
1095,1,1
1096,3,3
1097,5,5
1099,3,3
1101,2,2
1102,3,3
1103,2,2
1104,1,1
1105,4,4
1107,2,2
1109,1,1
1110,3,3
1111,2,2
1116,1,1
1117,1,1
1118,2,2
1119,1,1
1122,2,2
1124,1,1
1127,2,2
1128,1,1
1129,2,2
1131,1,1
1132,1,1
1133,1,1
1134,1,1
1135,1,1
1137,1,1
1139,3,3
1141,2,2
1143,1,1
1144,1,1
1145,1,1
1146,5,5
1147,2,2
1148,5,5
1149,4,4
1151,2,2
1152,1,1
1153,2,2
1155,1,1
1156,1,1
1158,2,2
1159,1,1
1160,1,1
1161,1,1
1162,2,2
1163,1,1
1164,2,2
1165,1,1
1167,1,1
1171,1,1
1172,3,3
1173,1,1
1174,2,2
1176,2,2
1177,2,2
1179,1,1
1180,2,2
1182,1,1
1185,2,2
1188,3,3
1189,2,2
1192,2,2
1194,1,1
1196,1,1
1197,2,2
1198,1,1
1199,2,2
1200,3,3
1201,2,2
1203,3,3
1205,2,2
1206,1,1
1210,1,1
1211,2,2
1212,1,1
1213,1,1
1214,1,1
1215,2,2
1216,1,1
1217,1,1
1220,1,1
1222,2,2
1225,1,1
1227,1,1
1228,1,1
1229,2,2
1230,2,2
1231,1,1
1233,2,2
1234,1,1
1235,1,1
1236,4,4
1237,1,1
1238,3,3
1239,2,2
1241,2,2
1244,2,2
1245,1,1
1246,2,2
1247,1,1
1250,2,2
1252,2,2
1253,2,2
1254,2,2
1255,3,3
1256,2,2
1257,1,1
1258,1,1
1259,2,2
1260,2,2
1262,1,1
1263,1,1
1264,2,2
1266,4,4
1267,2,2
1268,2,2
1269,2,2
1271,2,2
1272,1,1
1273,2,2
1274,1,1
1277,2,2
1278,1,1
1279,1,1
1280,3,3
1281,2,2
1282,1,1
1284,1,1
1285,2,2
1286,2,2
1287,1,1
1288,1,1
1289,3,3
1291,2,2
1292,1,1
1293,1,1
1295,1,1
1296,1,1
1297,1,1
1298,1,1
1299,1,1
1300,3,3
1301,2,2
1302,2,2
1303,5,4
1304,3,3
1305,2,2
1306,3,3
1307,1,1
1309,1,1
1312,4,4
1313,1,1
1314,2,2
1315,1,1
1316,3,3
1317,3,3
1318,1,1
1319,1,1
1321,2,2
1322,1,1
1323,2,2
1324,2,2
1325,1,1
1326,3,3
1327,2,2
1328,1,1
1329,1,1
1330,2,2
1332,1,1
1335,2,2
1336,2,2
1337,1,1
1339,1,1
1340,2,2
1341,2,2
1342,1,1
1344,1,1
1346,1,1
1347,2,2
1348,2,2
1349,1,1
1350,1,1
1352,2,2
1353,2,2
1354,1,1
1355,1,1
1357,3,3
1359,2,2
1360,4,4
1361,4,4
1362,3,3
1363,3,3
1365,4,4
1366,2,2
1367,1,1
1368,6,6
1369,1,1
1371,2,2
1372,3,3
1374,4,4
1377,1,1
1378,2,2
1380,1,1
1381,3,3
1382,2,2
1383,2,2
1385,4,4
1386,3,3
1387,3,3
1388,4,4
1389,2,2
1390,1,1
1391,3,3
1392,1,1
1393,6,6
1394,1,1
1396,2,2
1397,2,2
1398,3,3
1400,2,2
1404,1,1
1405,1,1
1407,1,1
1410,1,1
1411,1,1
1412,2,2
1413,1,1
1416,3,3
1417,2,2
1419,2,2
1422,6,6
1423,2,2
1428,2,2
1431,1,1
1433,2,2
1434,2,2
1436,1,1
1437,2,2
1438,1,1
1440,3,3
1441,2,2
1443,1,1
1446,1,1
1447,1,1
1450,1,1
1451,2,2
1453,2,2
1454,2,2
1455,1,1
1457,1,1
1459,1,1
1460,1,1
1461,1,1
1462,2,2
1463,2,2
1465,2,2
1466,1,1
1467,2,2
1468,1,1
1469,2,2
1470,1,1
1471,1,1
1473,1,1
1475,2,2
1476,2,2
1478,2,2
1480,1,1
1481,1,1
1484,1,1
1485,1,1
1492,1,1
1495,1,1
1498,1,1
1504,1,1
1506,2,2
1508,3,3
1509,2,2
1510,1,1
1512,1,1
1514,2,2
1515,2,2
1518,1,1
1519,1,1
1524,1,1
1528,1,1
1530,2,2
1543,1,1
1544,3,3
1546,1,1
1547,2,2
1559,1,1
1566,3,3
1567,1,1
1570,3,3
1577,1,1
1580,1,1
1582,2,2
1583,1,1
1588,1,1
1597,1,1
1598,1,1
1600,1,1
1607,1,1
1608,1,1
1610,1,1
1613,2,2
1614,1,1
1625,1,1
1630,1,1
1632,2,2
1634,1,1
1636,2,2
1639,1,1
1640,1,1
1641,3,3
1649,1,1
1650,1,1
1652,1,1
1659,1,1
1660,1,1
1664,2,2
1665,1,1
1666,4,4
1667,1,1
1668,1,1
1669,1,1
1670,2,2
1671,1,1
1672,1,1
1674,1,1
1677,1,1
1679,1,1
1681,1,1
1682,1,1
1683,2,2
1684,1,1
1687,1,1
1688,4,4
1689,3,3
1690,1,1
1691,2,2
1692,1,1
1693,1,1
1694,1,1
1695,1,1
1696,2,2
1697,1,1
1698,1,1
1702,1,1
1704,1,1
1706,1,1
1709,1,1
1711,1,1
1717,2,2
1719,1,1
1724,2,2
1725,1,1
1729,1,1
1734,1,1
1737,1,1
1741,1,1
1745,1,1
1750,1,1
1751,1,1
1753,3,3
1755,1,1
1757,1,1
1758,1,1
1759,2,2
1760,1,1
1765,4,4
1766,1,1
1767,1,1
1768,3,3
1770,2,2
1772,1,1
1773,1,1
1774,2,2
1775,1,1
1778,2,2
1779,1,1
1780,1,1
1781,1,1
1783,2,2
1784,1,1
1785,2,2
1788,2,2
1789,2,2
1790,2,2
1791,1,1
1792,2,2
1794,1,1
1795,1,1
1797,2,2
1799,1,1
1801,1,1
1805,1,1
1808,1,1
1811,2,2
1812,1,1
1813,1,1
1817,1,1
1823,1,1
1824,1,1
1825,1,1
1827,1,1
1828,1,1
1829,1,1
1830,1,1
1833,1,1
1834,1,1
1840,1,1
1847,1,1
1850,1,1
1854,3,3
1856,2,2
1860,1,1
1861,1,1
1864,1,1
1865,2,2
1866,1,1
1867,1,1
1868,2,2
1869,1,1
1871,1,1
1873,2,2
1878,1,1
1883,1,1
1888,1,1
1889,1,1
1890,1,1
1891,1,1
1892,2,2
1893,1,1
1894,1,1
1895,2,2
1897,1,1
1898,1,1
1900,2,2
1904,1,1
1905,2,2
1906,1,1
1908,2,2
1909,1,1
1914,1,1
1924,1,1
1928,1,1
1938,1,1
1949,1,1
1950,2,2
1951,1,1
1954,1,1
1955,1,1
1958,1,1
1960,2,2
1969,1,1
1971,1,1
1972,1,1
1978,2,2
1991,2,2
1994,1,1
1996,4,4
1998,2,2
1999,1,1
2002,1,1
2004,1,1
2005,1,1
2008,1,1
2014,1,1
2015,1,1
2016,1,1
2017,1,1
2018,1,1
2019,2,2
2022,1,1
2029,1,1
2038,1,1
2043,1,1
2048,1,1
2049,1,1
2050,1,1
2051,1,1
2057,1,1
2059,1,1
2060,1,1
2061,1,1
2062,1,1
2063,1,1
2064,1,1
2077,1,1
2080,1,1
2084,1,1
2088,1,1
2096,1,1
2105,1,1
2110,1,1
2118,1,1
2136,1,1
2138,1,1
2141,1,1
2142,1,1
2143,2,2
2145,1,1
2152,1,1
2154,1,1
2157,1,1
2162,1,1
2173,1,1
2179,1,1
2210,1,1
2218,1,1
2226,1,1
2233,1,1
2235,1,1
2242,1,1
2247,1,1
2248,1,1
2254,1,1
2269,1,1
2278,1,1
2290,1,1
2294,1,1
2296,1,1
2298,1,1
2300,2,2
2315,1,1
2321,1,1
2371,1,1
2400,1,1
2405,1,1
2406,1,1
2408,3,3
2412,1,1
2414,1,1
2415,1,1
2420,1,1
2423,1,1
2429,1,1
2433,1,1
2440,1,1
2451,1,1
2455,1,1
2457,1,1
2459,2,2
2465,1,1
2466,1,1
2468,1,1
2469,1,1
2475,1,1
2521,1,1
2523,1,1
2539,1,1
2540,1,1
2550,1,1
2616,1,1
