src/duckhts.c|duckhts.c
src/extension_registration.c|extension_registration.c
src/simd/duckhts_simd_dispatch.c|simd/duckhts_simd_dispatch.c
src/simd/duckhts_simd_scalar.c|simd/duckhts_simd_scalar.c
src/simd/duckhts_simd_avx2.c|simd/duckhts_simd_avx2.c
src/simd/duckhts_simd_avx512.c|simd/duckhts_simd_avx512.c
src/simd/duckhts_simd_neon.c|simd/duckhts_simd_neon.c
src/simd/duckhts_simd_wasm_simd128.c|simd/duckhts_simd_wasm_simd128.c
src/bcf_reader.c|bcf_reader.c
src/bcf_field_vector.c|bcf_field_vector.c
src/bcf_filter_vector.c|bcf_filter_vector.c
src/bcf_format.c|bcf_format.c
src/bcf_scan.c|bcf_scan.c
src/bcf_genotypes.c|bcf_genotypes.c
src/geno_reader.c|geno_reader.c
src/region_list.c|region_list.c
src/bam_reader.c|bam_reader.c
src/bam_pileup.c|bam_pileup.c
src/bgzip.c|bgzip.c
src/hts_index_builder.c|hts_index_builder.c
src/liftover_udf.c|liftover_udf.c
src/bcftools_norm_udf.c|bcftools_norm_udf.c
src/munge_udf.c|munge_udf.c
src/reference_cache.c|reference_cache.c
src/seq_reader.c|seq_reader.c
src/fastq_qc.c|fastq_qc.c
src/somalier.c|somalier.c
src/bam_site_counts.c|bam_site_counts.c
src/somalier_contamination_sql.c|somalier_contamination_sql.c
src/somalier_matched_sql.c|somalier_matched_sql.c
src/somalier_sql.c|somalier_sql.c
src/somalier_find_sites_sql.c|somalier_find_sites_sql.c
src/ancestry_sql.c|ancestry_sql.c
src/roh_hmm.c|roh_hmm.c
src/roh_udf.c|roh_udf.c
src/roh_sql.c|roh_sql.c
src/somalier_bam_extract_sql.c|somalier_bam_extract_sql.c
src/somalier_panel_sql.c|somalier_panel_sql.c
src/somalier_sex_sql.c|somalier_sex_sql.c
src/somalier_vcf_extract_sql.c|somalier_vcf_extract_sql.c
src/interval_udf.c|interval_udf.c
src/genbank_core.c|genbank_core.c
src/genbank_reader.c|genbank_reader.c
src/bigwig_reader.c|bigwig_reader.c
src/libbigwig_hfile_io.c|libbigwig_hfile_io.c
src/kmer_udf.c|kmer_udf.c
src/tabix_reader.c|tabix_reader.c
src/named_attribute_columns.c|named_attribute_columns.c
src/vep_parser.c|vep_parser.c
src/hts_meta_reader.c|hts_meta_reader.c
src/quality_encoding.c|quality_encoding.c
src/quality_encoding_reader.c|quality_encoding_reader.c
src/score_udf.c|score_udf.c
src/mosdepth_table.c|mosdepth_table.c
src/bam_bin_counts.c|bam_bin_counts.c
src/samtools_idxstats_table.c|samtools_idxstats_table.c
src/bam_bed_coverage.c|bam_bed_coverage.c
src/cgranges_api.c|cgranges_api.c
src/variantkey_udf.c|variantkey_udf.c
third_party/cgranges/cgranges.c|cgranges.c
third_party/libBigWig/bwRead.c|libBigWig/bwRead.c
third_party/libBigWig/bwValues.c|libBigWig/bwValues.c
src/bcftools_filter.c|bcftools_filter.c
src/wasm_http_hfile.c|wasm_http_hfile.c
