sample_id	superpopulation	sites	panel_sha256	depth	mode	vcf_used	bam_used	depth_eligible	median_depth	allele_reads	cor_pred	vcf_cor_pred	status	max_group_difference	seconds	process_peak_rss_mib	rounding_bound	gate_distance
NA18507	AFR	1000	0c0f0ec14cc1f94e0394787839d5361142545da58557b4aa2dd18279c801328f	native	allele_fraction	1000	994	994	35	35276	0.723552334581887	0.736795037352222	ok	0	1.92499999999998	4871.6484375	0.0010957008761607	0.323552334581886
NA18507	AFR	1000	0c0f0ec14cc1f94e0394787839d5361142545da58557b4aa2dd18279c801328f	native	called_genotype	1000	966	994	35	35276	0.731471634976005	0.736795037352222	ok	0	1.94999999999999	4871.6484375	0.0010957008761607	0.331471634976005
NA18507	AFR	1000	0c0f0ec14cc1f94e0394787839d5361142545da58557b4aa2dd18279c801328f	quarter	allele_fraction	1000	784	784	9	8933	0.727171530028218	0.736795037352222	ok	0	0.699000000000012	4871.6484375	0.0010957008761607	0.327171530028218
NA18507	AFR	1000	0c0f0ec14cc1f94e0394787839d5361142545da58557b4aa2dd18279c801328f	quarter	called_genotype	1000	726	784	9	8933	0.753019910572191	0.736795037352222	ok	0	0.697000000000003	4871.6484375	0.0010957008761607	0.353019910572191
HG00188	EUR	1000	0c0f0ec14cc1f94e0394787839d5361142545da58557b4aa2dd18279c801328f	native	allele_fraction	1000	992	992	33	32929	0.651991933985022	0.663701362613597	ok	0.1790788	2.06399999999999	4871.6484375	0.0010957008761607	0.251991933985022
HG00188	EUR	1000	0c0f0ec14cc1f94e0394787839d5361142545da58557b4aa2dd18279c801328f	native	called_genotype	1000	967	992	33	32929	0.662145270404065	0.663701362613597	ok	0.109822	1.81099999999998	4871.6484375	0.0010957008761607	0.262145270404065
HG00188	EUR	1000	0c0f0ec14cc1f94e0394787839d5361142545da58557b4aa2dd18279c801328f	quarter	allele_fraction	1000	686	686	8	8230	0.636149997789795	0.663701362613597	ok	0.3586055	0.620000000000005	4871.6484375	0.0010957008761607	0.236149997789795
HG00188	EUR	1000	0c0f0ec14cc1f94e0394787839d5361142545da58557b4aa2dd18279c801328f	quarter	called_genotype	1000	620	686	8	8230	0.667594847152427	0.663701362613597	ok	0.4106944	0.617000000000019	4871.6484375	0.0010957008761607	0.267594847152427
HG00403	EAS	1000	0c0f0ec14cc1f94e0394787839d5361142545da58557b4aa2dd18279c801328f	native	allele_fraction	1000	991	991	33	33339	0.693338878398165	0.702258621077207	ok	0.0335371	1.90599999999998	4871.6484375	0.0010957008761607	0.293338878398165
HG00403	EAS	1000	0c0f0ec14cc1f94e0394787839d5361142545da58557b4aa2dd18279c801328f	native	called_genotype	1000	960	991	33	33339	0.696603317183783	0.702258621077207	ok	0.0439052	1.886	4871.6484375	0.0010957008761607	0.296603317183783
HG00403	EAS	1000	0c0f0ec14cc1f94e0394787839d5361142545da58557b4aa2dd18279c801328f	quarter	allele_fraction	1000	716	716	8	8410	0.688777423019758	0.702258621077207	ok	0.0154708	0.63900000000001	4871.6484375	0.0010957008761607	0.288777423019758
HG00403	EAS	1000	0c0f0ec14cc1f94e0394787839d5361142545da58557b4aa2dd18279c801328f	quarter	called_genotype	1000	645	716	8	8410	0.720020135951642	0.702258621077207	ok	0.0278166	0.63300000000001	4871.6484375	0.0010957008761607	0.320020135951642
NA18507	AFR	5000	49f46df0de88a5df86edf45d6be8f661c77b404e8963eb9b2d959d301ffc3cb0	native	allele_fraction	5000	4961	4961	35	174362	0.722948814286884	0.727864749315633	ok	0	2.749	4871.6484375	0.00109214417609292	0.322948814286884
NA18507	AFR	5000	49f46df0de88a5df86edf45d6be8f661c77b404e8963eb9b2d959d301ffc3cb0	native	called_genotype	5000	4811	4961	35	174362	0.729969850245594	0.727864749315633	ok	0	2.55600000000001	4871.6484375	0.00109214417609292	0.329969850245594
NA18507	AFR	5000	49f46df0de88a5df86edf45d6be8f661c77b404e8963eb9b2d959d301ffc3cb0	quarter	allele_fraction	5000	3762	3762	8	43452	0.717525946643582	0.727864749315633	ok	0	0.799000000000007	4871.6484375	0.00109214417609292	0.317525946643582
NA18507	AFR	5000	49f46df0de88a5df86edf45d6be8f661c77b404e8963eb9b2d959d301ffc3cb0	quarter	called_genotype	5000	3445	3762	8	43452	0.755181285243286	0.727864749315633	ok	0	0.796999999999997	4871.6484375	0.00109214417609292	0.355181285243286
HG00188	EUR	5000	49f46df0de88a5df86edf45d6be8f661c77b404e8963eb9b2d959d301ffc3cb0	native	allele_fraction	5000	4966	4966	33	164947	0.64897225849784	0.655724791969091	ok	0.0911704999999999	2.31700000000001	4871.6484375	0.00109214417609292	0.24897225849784
HG00188	EUR	5000	49f46df0de88a5df86edf45d6be8f661c77b404e8963eb9b2d959d301ffc3cb0	native	called_genotype	5000	4798	4966	33	164947	0.655326525869839	0.655724791969091	ok	0.0684459	2.33600000000001	4871.6484375	0.00109214417609292	0.255326525869839
HG00188	EUR	5000	49f46df0de88a5df86edf45d6be8f661c77b404e8963eb9b2d959d301ffc3cb0	quarter	allele_fraction	5000	3470	3470	8	41323	0.632728398415752	0.655724791969091	ok	0.0892074	0.74799999999999	4871.6484375	0.00109214417609292	0.232728398415752
HG00188	EUR	5000	49f46df0de88a5df86edf45d6be8f661c77b404e8963eb9b2d959d301ffc3cb0	quarter	called_genotype	5000	3189	3470	8	41323	0.661323755775594	0.655724791969091	ok	0.0892074	0.752999999999986	4871.6484375	0.00109214417609292	0.261323755775594
HG00403	EAS	5000	49f46df0de88a5df86edf45d6be8f661c77b404e8963eb9b2d959d301ffc3cb0	native	allele_fraction	5000	4963	4963	33	165959	0.707546100530015	0.710754715398114	ok	0.0250091	2.47500000000002	4871.6484375	0.00109214417609292	0.307546100530015
HG00403	EAS	5000	49f46df0de88a5df86edf45d6be8f661c77b404e8963eb9b2d959d301ffc3cb0	native	called_genotype	5000	4822	4963	33	165959	0.715381108851537	0.710754715398114	ok	0.0348005	2.47800000000001	4871.6484375	0.00109214417609292	0.315381108851537
HG00403	EAS	5000	49f46df0de88a5df86edf45d6be8f661c77b404e8963eb9b2d959d301ffc3cb0	quarter	allele_fraction	5000	3562	3562	8	41694	0.698251259418084	0.710754715398114	ok	0.0108626	0.775000000000006	4871.6484375	0.00109214417609292	0.298251259418084
HG00403	EAS	5000	49f46df0de88a5df86edf45d6be8f661c77b404e8963eb9b2d959d301ffc3cb0	quarter	called_genotype	5000	3274	3562	8	41694	0.731634613723859	0.710754715398114	ok	0.0204961	0.779000000000025	4871.6484375	0.00109214417609292	0.331634613723859
NA18507	AFR	17000	9490246d8372fe5bbc0e3b20ee12dc648f3a57b37e6b3ba6ef7ee48e040798b6	native	allele_fraction	17000	16888	16888	35	593948	0.726011483499874	0.733811580528095	ok	0	3.18299999999999	4871.6484375	0.00108897441791102	0.326011483499874
NA18507	AFR	17000	9490246d8372fe5bbc0e3b20ee12dc648f3a57b37e6b3ba6ef7ee48e040798b6	native	called_genotype	17000	16335	16888	35	593948	0.733978270317633	0.733811580528095	ok	0	2.92400000000001	4871.6484375	0.00108897441791102	0.333978270317633
NA18507	AFR	17000	9490246d8372fe5bbc0e3b20ee12dc648f3a57b37e6b3ba6ef7ee48e040798b6	quarter	allele_fraction	17000	12832	12832	9	148596	0.717465963584557	0.733811580528095	ok	0	0.947000000000003	4871.6484375	0.00108897441791102	0.317465963584557
NA18507	AFR	17000	9490246d8372fe5bbc0e3b20ee12dc648f3a57b37e6b3ba6ef7ee48e040798b6	quarter	called_genotype	17000	11795	12832	9	148596	0.752037880054797	0.733811580528095	ok	0	1.01600000000002	4871.6484375	0.00108897441791102	0.352037880054797
HG00188	EUR	17000	9490246d8372fe5bbc0e3b20ee12dc648f3a57b37e6b3ba6ef7ee48e040798b6	native	allele_fraction	17000	16879	16879	33	559198	0.649032961885159	0.657458309669133	ok	0.00210600000000005	2.58699999999999	4871.6484375	0.00108897441791102	0.249032961885159
HG00188	EUR	17000	9490246d8372fe5bbc0e3b20ee12dc648f3a57b37e6b3ba6ef7ee48e040798b6	native	called_genotype	17000	16373	16879	33	559198	0.656698305012966	0.657458309669133	ok	0.00212600000000007	2.59100000000001	4871.6484375	0.00108897441791102	0.256698305012966
HG00188	EUR	17000	9490246d8372fe5bbc0e3b20ee12dc648f3a57b37e6b3ba6ef7ee48e040798b6	quarter	allele_fraction	17000	11794	11794	8	139660	0.632677496112707	0.657458309669133	ok	0.0129385000000001	0.884000000000015	4871.6484375	0.00108897441791102	0.232677496112707
HG00188	EUR	17000	9490246d8372fe5bbc0e3b20ee12dc648f3a57b37e6b3ba6ef7ee48e040798b6	quarter	called_genotype	17000	10813	11794	8	139660	0.666050330089031	0.657458309669133	ok	0.000748700000000047	0.874000000000024	4871.6484375	0.00108897441791102	0.266050330089031
HG00403	EAS	17000	9490246d8372fe5bbc0e3b20ee12dc648f3a57b37e6b3ba6ef7ee48e040798b6	native	allele_fraction	17000	16881	16881	33	564975	0.697506724361824	0.70414841784577	ok	0.0243449	2.709	4871.6484375	0.00108897441791102	0.297506724361824
HG00403	EAS	17000	9490246d8372fe5bbc0e3b20ee12dc648f3a57b37e6b3ba6ef7ee48e040798b6	native	called_genotype	17000	16343	16881	33	564975	0.706169888414396	0.70414841784577	ok	0.0173403	2.721	4871.6484375	0.00108897441791102	0.306169888414396
HG00403	EAS	17000	9490246d8372fe5bbc0e3b20ee12dc648f3a57b37e6b3ba6ef7ee48e040798b6	quarter	allele_fraction	17000	12132	12132	8	141852	0.684374734841007	0.70414841784577	ok	0.0699208	0.90500000000003	4871.6484375	0.00108897441791102	0.284374734841007
HG00403	EAS	17000	9490246d8372fe5bbc0e3b20ee12dc648f3a57b37e6b3ba6ef7ee48e040798b6	quarter	called_genotype	17000	11156	12132	8	141852	0.718879373687075	0.70414841784577	ok	0.0716149	0.895000000000039	4871.6484375	0.00108897441791102	0.318879373687075
